-- MySQL dump 10.13  Distrib 5.1.58, for debian-linux-gnu (x86_64)
--
-- Host: localhost    Database: passkeeper
-- ------------------------------------------------------
-- Server version	5.1.58-1~dotdeb.0-log

/*!40101 SET @OLD_CHARACTER_SET_CLIENT=@@CHARACTER_SET_CLIENT */;
/*!40101 SET @OLD_CHARACTER_SET_RESULTS=@@CHARACTER_SET_RESULTS */;
/*!40101 SET @OLD_COLLATION_CONNECTION=@@COLLATION_CONNECTION */;
/*!40101 SET NAMES utf8 */;
/*!40103 SET @OLD_TIME_ZONE=@@TIME_ZONE */;
/*!40103 SET TIME_ZONE='+00:00' */;
/*!40014 SET @OLD_UNIQUE_CHECKS=@@UNIQUE_CHECKS, UNIQUE_CHECKS=0 */;
/*!40014 SET @OLD_FOREIGN_KEY_CHECKS=@@FOREIGN_KEY_CHECKS, FOREIGN_KEY_CHECKS=0 */;
/*!40101 SET @OLD_SQL_MODE=@@SQL_MODE, SQL_MODE='NO_AUTO_VALUE_ON_ZERO' */;
/*!40111 SET @OLD_SQL_NOTES=@@SQL_NOTES, SQL_NOTES=0 */;

--
-- Current Database: `passkeeper`
--

CREATE DATABASE /*!32312 IF NOT EXISTS*/ `passkeeper` /*!40100 DEFAULT CHARACTER SET latin1 */;

USE `passkeeper`;

--
-- Table structure for table `acos`
--

DROP TABLE IF EXISTS `acos`;
/*!40101 SET @saved_cs_client     = @@character_set_client */;
/*!40101 SET character_set_client = utf8 */;
CREATE TABLE `acos` (
  `id` int(10) NOT NULL AUTO_INCREMENT,
  `model` varchar(255) COLLATE utf8_bin DEFAULT NULL,
  `alias` varchar(255) COLLATE utf8_bin DEFAULT NULL,
  PRIMARY KEY (`id`)
) ENGINE=MyISAM AUTO_INCREMENT=3 DEFAULT CHARSET=utf8 COLLATE=utf8_bin;
/*!40101 SET character_set_client = @saved_cs_client */;

--
-- Dumping data for table `acos`
--

LOCK TABLES `acos` WRITE;
/*!40000 ALTER TABLE `acos` DISABLE KEYS */;
INSERT INTO `acos` VALUES (1,'Category','category'),(2,'Password','password');
/*!40000 ALTER TABLE `acos` ENABLE KEYS */;
UNLOCK TABLES;

--
-- Table structure for table `aros`
--

DROP TABLE IF EXISTS `aros`;
/*!40101 SET @saved_cs_client     = @@character_set_client */;
/*!40101 SET character_set_client = utf8 */;
CREATE TABLE `aros` (
  `id` int(10) NOT NULL AUTO_INCREMENT,
  `model` varchar(255) COLLATE utf8_bin DEFAULT NULL,
  `alias` varchar(255) COLLATE utf8_bin DEFAULT NULL,
  PRIMARY KEY (`id`)
) ENGINE=MyISAM AUTO_INCREMENT=3 DEFAULT CHARSET=utf8 COLLATE=utf8_bin;
/*!40101 SET character_set_client = @saved_cs_client */;

--
-- Dumping data for table `aros`
--

LOCK TABLES `aros` WRITE;
/*!40000 ALTER TABLE `aros` DISABLE KEYS */;
INSERT INTO `aros` VALUES (1,'Group','group'),(2,'User','user');
/*!40000 ALTER TABLE `aros` ENABLE KEYS */;
UNLOCK TABLES;

--
-- Table structure for table `aros_acos`
--

DROP TABLE IF EXISTS `aros_acos`;
/*!40101 SET @saved_cs_client     = @@character_set_client */;
/*!40101 SET character_set_client = utf8 */;
CREATE TABLE `aros_acos` (
  `id` int(10) NOT NULL AUTO_INCREMENT,
  `aro_id` int(10) NOT NULL,
  `aco_id` int(10) NOT NULL,
  `_create` varchar(2) COLLATE utf8_bin NOT NULL DEFAULT '0',
  `_read` varchar(2) COLLATE utf8_bin NOT NULL DEFAULT '0',
  `_update` varchar(2) COLLATE utf8_bin NOT NULL DEFAULT '0',
  `_delete` varchar(2) COLLATE utf8_bin NOT NULL DEFAULT '0',
  PRIMARY KEY (`id`),
  UNIQUE KEY `ARO_ACO_KEY` (`aro_id`,`aco_id`)
) ENGINE=MyISAM DEFAULT CHARSET=utf8 COLLATE=utf8_bin;
/*!40101 SET character_set_client = @saved_cs_client */;

--
-- Dumping data for table `aros_acos`
--

LOCK TABLES `aros_acos` WRITE;
/*!40000 ALTER TABLE `aros_acos` DISABLE KEYS */;
/*!40000 ALTER TABLE `aros_acos` ENABLE KEYS */;
UNLOCK TABLES;

--
-- Table structure for table `categories`
--

DROP TABLE IF EXISTS `categories`;
/*!40101 SET @saved_cs_client     = @@character_set_client */;
/*!40101 SET character_set_client = utf8 */;
CREATE TABLE `categories` (
  `id` int(10) unsigned NOT NULL AUTO_INCREMENT,
  `name` varchar(128) NOT NULL,
  `comment` text,
  `created` datetime DEFAULT NULL,
  `modified` datetime DEFAULT NULL,
  `parent_id` int(10) unsigned DEFAULT NULL,
  `root_id` int(10) unsigned DEFAULT NULL,
  `lft` mediumint(8) unsigned DEFAULT NULL,
  `rght` mediumint(8) unsigned DEFAULT NULL,
  `level` mediumint(8) unsigned DEFAULT NULL,
  `category_type_id` tinyint(4) unsigned NOT NULL DEFAULT '1' COMMENT 'type of category',
  `shared` tinyint(1) NOT NULL DEFAULT '1' COMMENT 'is the category meant to be shared or not (personal categories "my passwords" are not meant to be shared with others)',
  `created_by` int(11) NOT NULL COMMENT 'user who created it',
  PRIMARY KEY (`id`),
  KEY `rght` (`root_id`,`rght`,`lft`) USING BTREE,
  KEY `lft` (`root_id`,`lft`,`rght`) USING BTREE,
  KEY `parent_id` (`parent_id`,`created`) USING BTREE
) ENGINE=InnoDB AUTO_INCREMENT=115 DEFAULT CHARSET=utf8;
/*!40101 SET character_set_client = @saved_cs_client */;

--
-- Dumping data for table `categories`
--

LOCK TABLES `categories` WRITE;
/*!40000 ALTER TABLE `categories` DISABLE KEYS */;
INSERT INTO `categories` VALUES (1,'Default',NULL,'2010-11-13 11:13:47','2011-02-18 21:51:01',NULL,1,1,24,0,1,1,17),(2,'kotow',NULL,'2010-11-13 11:13:47','2011-02-18 21:51:01',1,1,2,23,1,1,1,17),(3,'neemrana',NULL,'2010-11-13 11:13:47','2011-02-18 21:51:01',2,1,3,12,2,1,1,17),(4,'dev',NULL,'2010-11-13 11:13:47','2011-02-18 21:51:01',2,1,13,22,2,1,1,17),(5,'prodtest',NULL,'2010-11-13 11:15:33','2011-02-20 12:55:40',3,1,4,9,3,1,1,17),(7,'prod',NULL,'2010-11-13 11:15:50','2011-02-18 21:51:01',3,1,10,11,3,1,1,17),(8,'test',NULL,'2010-11-15 13:44:53','2011-02-18 21:51:02',14,1,15,16,4,1,1,17),(11,'Optique Sergent ',NULL,'2010-12-19 18:31:43','2011-04-21 12:01:44',NULL,11,1,12,0,1,1,17),(12,'DEV',NULL,'2010-12-19 21:45:35','2011-04-21 12:28:20',11,11,2,7,1,1,1,17),(14,'this is a test ',NULL,'2010-12-26 23:39:24','2011-02-18 21:51:02',4,1,14,21,3,1,1,17),(15,'nodetest1',NULL,'2010-12-27 20:15:47','2011-02-18 21:51:02',5,1,5,6,4,1,1,18),(27,'test1',NULL,'2011-02-16 18:49:48','2011-02-18 21:51:01',NULL,27,1,2,0,1,1,17),(32,'ftp',NULL,'2011-02-18 19:17:08','2011-02-18 21:51:02',8,NULL,0,1,1,1,1,0),(38,'shilpa',NULL,'2011-02-18 20:32:35','2011-04-21 14:57:54',12,11,3,4,2,1,1,17),(39,'quentin',NULL,'2011-02-18 20:32:39','2011-04-21 14:58:04',12,11,5,6,2,1,1,17),(46,'test3',NULL,'2011-02-18 21:52:15','2011-04-26 11:18:36',53,1,18,19,5,1,1,17),(47,'satya',NULL,'2011-02-25 10:52:50','2011-02-25 10:52:50',5,1,7,8,4,1,1,17),(48,'opener[p',NULL,'2011-02-25 10:56:05','2011-02-25 10:56:05',NULL,48,1,2,0,1,1,17),(53,'test5',NULL,'2011-04-21 11:13:13','2011-04-26 11:18:27',14,1,17,20,4,1,1,37),(57,'PREPROD',NULL,'2011-04-21 12:29:35','2011-04-21 12:29:35',11,11,8,9,1,1,1,37),(58,'PROD',NULL,'2011-04-21 12:29:44','2011-04-21 12:29:44',11,11,10,11,1,1,1,37),(61,'abc',NULL,'2011-04-25 10:36:09','2011-04-25 10:36:09',NULL,61,1,2,0,1,1,37),(63,'def',NULL,'2011-04-25 11:48:39','2011-04-25 11:48:39',NULL,63,1,8,0,1,1,37),(64,'123',NULL,'2011-04-25 11:48:50','2011-04-25 11:48:50',NULL,64,1,2,0,1,1,37),(71,'fhfg',NULL,'2011-05-03 15:40:40','2011-05-03 15:40:40',NULL,71,1,2,0,1,1,37),(76,'prod',NULL,'2011-05-04 16:03:33','2011-05-04 16:03:33',63,63,2,3,1,1,1,37),(77,'preprod',NULL,'2011-05-04 16:04:12','2011-05-04 16:04:12',63,63,4,5,1,1,1,37),(78,'dev',NULL,'2011-05-04 17:58:40','2011-05-04 17:58:40',63,63,6,7,1,1,1,37),(79,'ogea',NULL,'2011-05-04 18:23:21','2011-05-04 18:23:21',NULL,79,1,8,0,1,1,37),(80,'dev',NULL,'2011-05-04 18:23:44','2011-05-04 18:23:56',79,79,2,3,1,1,1,37),(81,'prod',NULL,'2011-05-04 18:23:46','2011-05-04 18:24:03',79,79,4,5,1,1,1,37),(82,'preprod',NULL,'2011-05-04 18:23:51','2011-05-04 18:24:18',79,79,6,7,1,1,1,37),(84,'::9::',NULL,'2011-05-09 23:49:28','2011-05-09 23:49:28',NULL,84,1,2,0,1,0,0),(85,'::8::',NULL,'2011-05-09 23:49:28','2011-05-09 23:49:28',NULL,85,1,2,0,1,0,0),(86,'::10::',NULL,'2011-05-09 23:49:28','2011-05-09 23:49:28',NULL,86,1,2,0,1,0,0),(87,'::11::',NULL,'2011-05-09 23:49:28','2011-05-09 23:49:28',NULL,87,1,2,0,1,0,0),(88,'::17::',NULL,'2011-05-09 23:49:28','2011-05-09 23:49:28',NULL,88,1,2,0,1,0,0),(89,'::18::',NULL,'2011-05-09 23:49:28','2011-05-09 23:49:28',NULL,89,1,2,0,1,0,0),(90,'::36::',NULL,'2011-05-09 23:49:28','2011-05-09 23:49:28',NULL,90,1,2,0,1,0,0),(91,'::37::',NULL,'2011-05-09 23:49:28','2011-05-09 23:49:28',NULL,91,1,2,0,1,0,0),(92,'::38::',NULL,'2011-05-09 23:49:28','2011-05-09 23:49:28',NULL,92,1,2,0,1,0,0),(93,'::39::',NULL,'2011-05-09 23:49:28','2011-05-09 23:49:28',NULL,93,1,2,0,1,0,0),(94,'::40::',NULL,'2011-05-09 23:49:28','2011-05-09 23:49:28',NULL,94,1,2,0,1,0,0),(95,'::41::',NULL,'2011-05-09 23:49:28','2011-05-09 23:49:28',NULL,95,1,2,0,1,0,0),(96,'::42::',NULL,'2011-05-09 23:49:28','2011-05-09 23:49:28',NULL,96,1,2,0,1,0,0),(97,'::43::',NULL,'2011-05-09 23:49:28','2011-05-09 23:49:28',NULL,97,1,2,0,1,0,0),(98,'::44::',NULL,'2011-05-09 23:49:28','2011-05-09 23:49:28',NULL,98,1,2,0,1,0,0),(99,'::45::',NULL,'2011-05-09 23:49:28','2011-05-09 23:49:28',NULL,99,1,2,0,1,0,0),(100,'::46::',NULL,'2011-05-09 23:49:28','2011-05-09 23:49:28',NULL,100,1,2,0,1,0,0),(101,'::47::',NULL,'2011-05-09 23:49:28','2011-05-09 23:49:28',NULL,101,1,2,0,1,0,0),(102,'::48::',NULL,'2011-05-09 23:49:28','2011-05-09 23:49:28',NULL,102,1,2,0,1,0,0),(103,'::49::',NULL,'2011-05-09 23:49:28','2011-05-09 23:49:28',NULL,103,1,2,0,1,0,0),(104,'::50::',NULL,'2011-05-09 23:49:28','2011-05-09 23:49:28',NULL,104,1,2,0,1,0,0),(105,'::51::',NULL,'2011-05-09 23:49:28','2011-05-09 23:49:28',NULL,105,1,2,0,1,0,0),(106,'::52::',NULL,'2011-05-09 23:49:28','2011-05-09 23:49:28',NULL,106,1,2,0,1,0,0),(107,'::53::',NULL,'2011-05-09 23:49:28','2011-05-09 23:49:28',NULL,107,1,2,0,1,0,0),(108,'::54::',NULL,'2011-05-13 18:18:40','2011-05-13 18:18:40',NULL,108,1,2,0,1,0,0),(109,'alka',NULL,'2011-06-06 10:43:46','2011-06-06 10:43:46',NULL,109,1,2,0,1,1,37),(110,'::55::',NULL,'2011-11-02 22:38:06','2011-11-02 22:38:06',NULL,110,1,6,0,1,0,0),(111,'web application',NULL,'2011-11-02 23:11:59','2011-12-26 17:17:35',110,110,2,3,1,1,1,55),(112,'New node',NULL,'2011-12-26 16:30:33','2011-12-26 16:30:33',110,110,4,5,1,1,1,55),(113,'UNIX servers',NULL,'2011-12-26 17:18:15','2011-12-26 17:18:15',NULL,113,1,2,0,1,1,55),(114,'Active Directory',NULL,'2011-12-29 22:08:26','2011-12-29 22:08:26',NULL,114,1,2,0,1,1,55);
/*!40000 ALTER TABLE `categories` ENABLE KEYS */;
UNLOCK TABLES;

--
-- Table structure for table `category_types`
--

DROP TABLE IF EXISTS `category_types`;
/*!40101 SET @saved_cs_client     = @@character_set_client */;
/*!40101 SET character_set_client = utf8 */;
CREATE TABLE `category_types` (
  `id` tinyint(3) unsigned NOT NULL AUTO_INCREMENT,
  `name` varchar(255) COLLATE utf8_bin NOT NULL,
  `description` text COLLATE utf8_bin NOT NULL,
  `icon` varchar(255) COLLATE utf8_bin NOT NULL,
  `live` tinyint(1) NOT NULL,
  PRIMARY KEY (`id`)
) ENGINE=MyISAM AUTO_INCREMENT=3 DEFAULT CHARSET=utf8 COLLATE=utf8_bin;
/*!40101 SET character_set_client = @saved_cs_client */;

--
-- Dumping data for table `category_types`
--

LOCK TABLES `category_types` WRITE;
/*!40000 ALTER TABLE `category_types` DISABLE KEYS */;
INSERT INTO `category_types` VALUES (1,'default','default type of category','default.png',1),(2,'root','database type, for the root folder','database.png',1);
/*!40000 ALTER TABLE `category_types` ENABLE KEYS */;
UNLOCK TABLES;

--
-- Table structure for table `events`
--

DROP TABLE IF EXISTS `events`;
/*!40101 SET @saved_cs_client     = @@character_set_client */;
/*!40101 SET character_set_client = utf8 */;
CREATE TABLE `events` (
  `id` int(11) NOT NULL AUTO_INCREMENT,
  `action_id` int(11) NOT NULL,
  `category_rel_id` int(11) DEFAULT NULL,
  `aco_id` int(11) DEFAULT NULL,
  `aco_ref_id` int(11) DEFAULT NULL,
  `details` text COLLATE utf8_bin,
  `date` timestamp NOT NULL DEFAULT CURRENT_TIMESTAMP,
  `user_ip` varchar(13) COLLATE utf8_bin NOT NULL,
  `user_browser` varchar(255) COLLATE utf8_bin NOT NULL,
  `created_by` int(11) NOT NULL,
  PRIMARY KEY (`id`)
) ENGINE=MyISAM AUTO_INCREMENT=2456 DEFAULT CHARSET=utf8 COLLATE=utf8_bin;
/*!40101 SET character_set_client = @saved_cs_client */;

--
-- Dumping data for table `events`
--

LOCK TABLES `events` WRITE;
/*!40000 ALTER TABLE `events` DISABLE KEYS */;
INSERT INTO `events` VALUES (15,3,5,1,5,NULL,'2011-02-20 17:20:47','','',17),(14,1,5,1,5,NULL,'2011-02-20 17:20:24','','',17),(13,1,5,1,5,NULL,'2011-02-20 13:41:30','','',17),(12,1,15,1,15,NULL,'2011-02-20 13:41:29','','',17),(11,1,5,1,5,NULL,'2011-02-20 13:41:28','','',17),(9,1,15,1,15,NULL,'2011-02-20 13:20:13','','',17),(10,1,7,1,7,NULL,'2011-02-20 13:26:46','','',17),(16,20,5,2,81,NULL,'2011-02-20 17:21:18','','',17),(17,1,5,1,5,NULL,'2011-02-20 17:23:19','','',17),(18,1,5,1,5,NULL,'2011-02-20 17:25:33','','',17),(19,3,5,1,5,'{\"old_name\":\"prod1\",\"new_name\":\"prodtest\"}','2011-02-20 17:25:41','','',17),(20,1,5,1,5,NULL,'2011-02-20 17:27:06','','',17),(21,21,5,2,81,NULL,'2011-02-20 17:28:59','','',17),(22,1,5,1,5,NULL,'2011-02-20 17:29:23','','',17),(23,1,5,1,5,NULL,'2011-02-20 17:42:41','','',17),(24,1,5,1,5,NULL,'2011-02-20 17:48:12','','',17),(25,1,5,1,5,NULL,'2011-02-20 17:48:42','','',17),(26,1,5,1,5,NULL,'2011-02-20 17:56:47','','',17),(27,1,5,1,5,NULL,'2011-02-20 17:57:19','','',17),(28,1,5,1,5,NULL,'2011-02-20 17:57:45','','',17),(29,1,5,1,5,NULL,'2011-02-20 17:58:04','','',17),(30,1,5,1,5,NULL,'2011-02-20 17:58:34','','',17),(31,1,5,1,5,NULL,'2011-02-20 17:59:05','','',17),(32,1,5,1,5,NULL,'2011-02-20 17:59:42','','',17),(33,1,5,1,5,NULL,'2011-02-20 17:59:52','','',17),(34,1,5,1,5,NULL,'2011-02-20 18:00:07','','',17),(35,1,5,1,5,NULL,'2011-02-20 18:01:13','','',17),(36,1,5,1,5,NULL,'2011-02-20 18:01:43','','',17),(37,1,5,1,5,NULL,'2011-02-20 18:02:27','','',17),(38,1,5,1,5,NULL,'2011-02-20 18:02:51','','',17),(39,1,5,1,5,NULL,'2011-02-20 18:03:10','','',17),(40,1,5,1,5,NULL,'2011-02-20 18:05:21','','',17),(41,1,5,1,5,NULL,'2011-02-20 18:53:44','','',17),(42,1,5,1,5,NULL,'2011-02-20 18:54:01','','',17),(43,1,5,1,5,NULL,'2011-02-20 19:09:54','','',17),(44,1,5,1,5,NULL,'2011-02-20 19:13:58','','',17),(45,1,5,1,5,NULL,'2011-02-20 19:15:08','','',17),(46,1,5,1,5,NULL,'2011-02-20 19:16:18','','',17),(47,1,5,1,5,NULL,'2011-02-20 19:23:36','','',17),(48,1,5,1,5,NULL,'2011-02-20 19:25:32','','',17),(49,1,3,1,3,NULL,'2011-02-22 22:12:18','','',17),(50,1,5,1,5,NULL,'2011-02-22 22:12:21','','',17),(51,1,5,1,5,NULL,'2011-02-22 22:12:26','','',17),(52,1,5,1,5,NULL,'2011-02-22 22:13:01','','',17),(53,1,5,1,5,NULL,'2011-02-22 22:15:10','','',17),(54,1,5,1,5,NULL,'2011-02-22 22:33:46','','',17),(55,1,5,1,5,NULL,'2011-02-22 22:38:09','','',17),(56,2,NULL,2,NULL,NULL,'2011-02-22 22:38:25','','',17),(57,1,5,1,5,NULL,'2011-02-22 22:38:57','','',17),(58,2,NULL,2,NULL,NULL,'2011-02-22 22:39:02','','',17),(59,1,5,1,5,NULL,'2011-02-22 22:39:43','','',17),(60,2,NULL,2,NULL,NULL,'2011-02-22 22:39:47','','',17),(61,1,5,1,5,NULL,'2011-02-22 22:40:11','','',17),(62,2,NULL,2,NULL,NULL,'2011-02-22 22:40:14','','',17),(63,1,5,1,5,NULL,'2011-02-22 22:40:30','','',17),(64,2,NULL,2,NULL,NULL,'2011-02-22 22:40:34','','',17),(65,1,5,1,5,NULL,'2011-02-22 22:41:31','','',17),(66,1,5,1,5,NULL,'2011-02-22 22:42:17','','',17),(67,1,5,1,5,NULL,'2011-02-22 22:43:10','','',17),(68,2,NULL,2,NULL,NULL,'2011-02-22 22:43:20','','',17),(69,1,5,1,5,NULL,'2011-02-22 22:45:27','','',17),(70,2,5,2,23,NULL,'2011-02-22 22:45:32','','',17),(71,1,5,1,5,NULL,'2011-02-22 22:46:11','','',17),(72,2,5,2,23,NULL,'2011-02-22 22:46:27','','',17),(73,1,5,1,5,NULL,'2011-02-22 22:47:22','','',17),(74,1,5,1,5,NULL,'2011-02-22 22:49:29','','',17),(75,2,5,2,29,NULL,'2011-02-22 22:49:39','','',17),(76,1,5,1,5,NULL,'2011-02-23 23:06:32','','',17),(77,1,7,1,7,NULL,'2011-02-23 23:06:39','','',17),(78,1,7,1,7,NULL,'2011-02-25 09:52:38','','',17),(79,1,2,1,2,NULL,'2011-02-25 09:52:44','','',17),(80,8,47,1,47,NULL,'2011-02-25 09:52:51','','',17),(81,1,47,1,47,NULL,'2011-02-25 09:52:52','','',17),(82,20,47,2,82,NULL,'2011-02-25 09:53:26','','',17),(83,1,3,1,3,NULL,'2011-02-25 09:53:32','','',17),(84,1,47,1,47,NULL,'2011-02-25 09:53:34','','',17),(85,2,47,2,82,NULL,'2011-02-25 09:53:40','','',17),(86,1,47,1,47,NULL,'2011-02-25 09:54:31','','',17),(87,40,47,1,47,'{\"aro_id\":\"1\",\"aro_ref_id\":\"45\",\"perms\":{\"_read\":1,\"_write\":1,\"_manage\":0}}','2011-02-25 09:54:49','','',17),(88,9,48,1,48,NULL,'2011-02-25 09:56:05','','',17),(89,1,47,1,47,NULL,'2011-02-25 09:56:12','','',17),(90,10,48,1,48,NULL,'2011-02-25 09:56:15','','',17),(91,1,48,1,48,NULL,'2011-02-25 09:57:15','','',17),(92,1,48,1,48,NULL,'2011-02-25 09:58:06','','',17),(93,10,11,1,11,NULL,'2011-02-25 09:58:08','','',17),(94,10,1,1,1,NULL,'2011-02-25 09:58:24','','',17),(95,1,47,1,47,NULL,'2011-02-25 09:58:35','','',17),(96,2,47,2,82,NULL,'2011-02-25 09:58:37','','',17),(97,1,47,1,47,NULL,'2011-02-25 09:59:06','','',17),(98,1,3,1,3,NULL,'2011-02-25 10:10:22','','',17),(99,1,47,1,47,NULL,'2011-02-25 10:10:27','','',17),(100,2,47,2,82,NULL,'2011-02-25 10:10:31','','',17),(101,1,47,1,47,NULL,'2011-02-25 10:12:17','','',17),(102,1,47,1,47,NULL,'2011-02-26 14:18:54','','',17),(103,1,47,1,47,NULL,'2011-02-26 14:19:09','','',17),(104,1,47,1,47,NULL,'2011-02-26 14:29:53','','',17),(105,1,15,1,15,NULL,'2011-02-26 14:31:34','','',17),(106,1,5,1,5,NULL,'2011-02-26 14:31:38','','',17),(107,1,5,1,5,NULL,'2011-02-26 14:33:34','','',17),(108,1,5,1,5,NULL,'2011-02-26 14:34:29','','',17),(109,1,5,1,5,NULL,'2011-02-26 14:35:19','','',17),(110,1,5,1,5,NULL,'2011-02-26 14:39:41','','',17),(111,1,5,1,5,NULL,'2011-02-26 14:40:07','','',17),(112,1,5,1,5,NULL,'2011-02-26 14:42:04','','',17),(113,1,5,1,5,NULL,'2011-02-26 14:42:26','','',17),(114,1,5,1,5,NULL,'2011-02-26 14:43:35','','',17),(115,1,5,1,5,NULL,'2011-02-26 14:44:01','','',17),(116,1,5,1,5,NULL,'2011-02-26 14:44:21','','',17),(117,1,5,1,5,NULL,'2011-02-26 14:45:32','','',17),(118,1,5,1,5,NULL,'2011-02-26 14:45:53','','',17),(119,1,5,1,5,NULL,'2011-02-26 14:46:29','','',17),(120,1,5,1,5,NULL,'2011-02-26 14:46:42','','',17),(121,1,5,1,5,NULL,'2011-02-26 14:47:20','','',17),(122,1,5,1,5,NULL,'2011-02-26 14:47:43','','',17),(123,1,5,1,5,NULL,'2011-02-26 14:47:51','','',17),(124,1,5,1,5,NULL,'2011-02-26 14:48:40','','',17),(125,1,5,1,5,NULL,'2011-02-26 14:48:55','','',17),(126,1,5,1,5,NULL,'2011-02-26 14:49:26','','',17),(127,1,5,1,5,NULL,'2011-02-26 14:49:36','','',17),(128,1,5,1,5,NULL,'2011-02-26 14:49:46','','',17),(129,1,5,1,5,NULL,'2011-02-26 14:50:11','','',17),(130,1,5,1,5,NULL,'2011-02-26 14:50:37','','',17),(131,1,5,1,5,NULL,'2011-02-26 14:50:59','','',17),(132,1,5,1,5,NULL,'2011-02-26 14:51:42','','',17),(133,1,5,1,5,NULL,'2011-02-26 14:52:03','','',17),(134,1,5,1,5,NULL,'2011-02-26 14:52:36','','',17),(135,1,5,1,5,NULL,'2011-02-26 14:52:56','','',17),(136,1,5,1,5,NULL,'2011-02-26 14:53:29','','',17),(137,1,5,1,5,NULL,'2011-02-26 14:54:03','','',17),(138,1,5,1,5,NULL,'2011-02-26 14:54:13','','',17),(139,1,5,1,5,NULL,'2011-02-26 15:12:25','','',17),(140,1,5,1,5,NULL,'2011-02-26 15:22:49','','',17),(141,1,5,1,5,NULL,'2011-02-26 15:23:01','','',17),(142,1,5,1,5,NULL,'2011-02-26 15:23:33','','',17),(143,1,5,1,5,NULL,'2011-02-26 15:23:55','','',17),(144,1,5,1,5,NULL,'2011-02-26 15:24:12','','',17),(145,1,5,1,5,NULL,'2011-02-26 15:24:41','','',17),(146,1,5,1,5,NULL,'2011-02-26 15:26:42','','',17),(147,1,5,1,5,NULL,'2011-02-26 15:28:07','','',17),(148,1,5,1,5,NULL,'2011-02-26 15:28:39','','',17),(149,1,5,1,5,NULL,'2011-02-26 15:38:05','','',17),(150,1,5,1,5,NULL,'2011-02-26 15:38:40','','',17),(151,1,5,1,5,NULL,'2011-02-26 15:42:03','','',17),(152,1,5,1,5,NULL,'2011-02-26 15:42:28','','',17),(153,1,5,1,5,NULL,'2011-02-26 15:43:03','','',17),(154,1,5,1,5,NULL,'2011-02-26 15:43:43','','',17),(155,1,5,1,5,NULL,'2011-02-26 15:43:59','','',17),(156,1,5,1,5,NULL,'2011-02-26 15:44:48','','',17),(157,1,5,1,5,NULL,'2011-02-26 15:45:04','','',17),(158,1,5,1,5,NULL,'2011-02-26 15:50:11','','',17),(159,1,5,1,5,NULL,'2011-02-26 15:51:09','','',17),(160,1,5,1,5,NULL,'2011-02-26 15:53:27','','',17),(161,1,5,1,5,NULL,'2011-02-26 15:57:29','','',17),(162,1,5,1,5,NULL,'2011-02-26 16:02:26','','',17),(163,1,5,1,5,NULL,'2011-02-26 16:05:43','','',17),(164,1,5,1,5,NULL,'2011-02-26 16:07:49','','',17),(165,1,5,1,5,NULL,'2011-02-26 16:10:16','','',17),(166,1,5,1,5,NULL,'2011-02-26 16:10:48','','',17),(167,1,15,1,15,NULL,'2011-02-26 16:10:57','','',17),(168,1,5,1,5,NULL,'2011-02-26 16:11:00','','',17),(169,1,15,1,15,NULL,'2011-02-26 16:11:04','','',17),(170,1,47,1,47,NULL,'2011-02-26 16:11:06','','',17),(171,1,5,1,5,NULL,'2011-02-26 16:11:09','','',17),(172,1,5,1,5,NULL,'2011-02-26 16:22:08','','',17),(173,1,5,1,5,NULL,'2011-02-26 16:28:15','','',17),(174,1,5,1,5,NULL,'2011-02-26 16:28:20','','',17),(175,1,5,1,5,NULL,'2011-02-26 16:34:05','','',17),(176,1,15,1,15,NULL,'2011-02-26 16:34:12','','',17),(177,1,3,1,3,NULL,'2011-02-26 16:34:18','','',17),(178,1,5,1,5,NULL,'2011-02-26 16:34:22','','',17),(179,1,47,1,47,NULL,'2011-02-26 16:34:25','','',17),(180,1,47,1,47,NULL,'2011-02-26 16:34:56','','',17),(181,1,15,1,15,NULL,'2011-02-26 16:35:25','','',17),(182,1,47,1,47,NULL,'2011-02-26 16:35:28','','',17),(183,1,15,1,15,NULL,'2011-02-26 16:35:31','','',17),(184,1,47,1,47,NULL,'2011-02-26 16:36:41','','',17),(185,1,3,1,3,NULL,'2011-02-26 16:36:53','','',17),(186,1,5,1,5,NULL,'2011-02-26 16:36:56','','',17),(187,1,3,1,3,NULL,'2011-02-26 16:37:01','','',17),(188,1,5,1,5,NULL,'2011-02-26 16:37:04','','',17),(189,1,5,1,5,NULL,'2011-02-26 16:37:52','','',17),(190,1,47,1,47,NULL,'2011-02-26 16:37:56','','',17),(191,1,5,1,5,NULL,'2011-02-26 16:38:00','','',17),(192,1,3,1,3,NULL,'2011-02-26 16:38:03','','',17),(193,1,47,1,47,NULL,'2011-02-26 16:38:07','','',17),(194,1,47,1,47,NULL,'2011-02-26 16:38:47','','',17),(195,1,47,1,47,NULL,'2011-02-26 16:39:10','','',17),(196,1,15,1,15,NULL,'2011-02-26 16:39:22','','',17),(197,1,47,1,47,NULL,'2011-02-26 16:39:25','','',17),(198,1,5,1,5,NULL,'2011-02-26 16:39:29','','',17),(199,1,47,1,47,NULL,'2011-02-26 16:39:33','','',17),(200,1,47,1,47,NULL,'2011-02-26 16:42:19','','',17),(201,1,47,1,47,NULL,'2011-02-26 16:43:50','','',17),(202,1,47,1,47,NULL,'2011-02-26 16:44:36','','',17),(203,1,47,1,47,NULL,'2011-02-26 16:44:58','','',17),(204,1,47,1,47,NULL,'2011-02-26 16:46:35','','',17),(205,1,47,1,47,NULL,'2011-02-26 16:47:02','','',17),(206,1,47,1,47,NULL,'2011-02-26 16:48:34','','',17),(207,1,47,1,47,NULL,'2011-02-26 16:49:29','','',17),(208,1,47,1,47,NULL,'2011-02-26 17:09:19','','',17),(209,1,47,1,47,NULL,'2011-02-26 20:43:17','','',17),(210,1,47,1,47,NULL,'2011-02-26 21:56:48','','',17),(211,1,15,1,15,NULL,'2011-02-27 11:56:59','','',17),(212,1,47,1,47,NULL,'2011-02-27 11:58:20','','',17),(213,1,15,1,15,NULL,'2011-02-27 11:58:23','','',17),(214,1,15,1,15,NULL,'2011-02-27 14:01:07','','',17),(215,1,15,1,15,NULL,'2011-02-27 17:45:10','','',17),(216,1,15,1,15,NULL,'2011-02-27 17:47:24','','',17),(217,1,47,1,47,NULL,'2011-02-27 17:48:03','','',17),(218,1,5,1,5,NULL,'2011-02-27 17:48:06','','',17),(219,1,5,1,5,NULL,'2011-02-27 17:49:30','','',17),(220,1,5,1,5,NULL,'2011-02-27 17:50:30','','',17),(221,1,5,1,5,NULL,'2011-02-27 18:04:10','','',17),(222,1,5,1,5,NULL,'2011-02-27 18:34:56','','',17),(223,2,5,2,23,NULL,'2011-02-27 18:35:02','','',17),(224,2,5,2,23,NULL,'2011-02-27 18:35:04','','',17),(225,2,5,2,23,NULL,'2011-02-27 18:35:05','','',17),(226,2,5,2,23,NULL,'2011-02-27 18:35:07','','',17),(227,1,5,1,5,NULL,'2011-02-27 18:38:28','','',17),(228,1,5,1,5,NULL,'2011-02-27 18:39:07','','',17),(229,1,5,1,5,NULL,'2011-02-27 18:39:41','','',17),(230,1,5,1,5,NULL,'2011-02-27 18:40:33','','',17),(231,1,5,1,5,NULL,'2011-02-27 18:41:17','','',17),(232,1,5,1,5,NULL,'2011-02-27 18:42:45','','',17),(233,1,5,1,5,NULL,'2011-02-27 18:42:48','','',17),(234,1,5,1,5,NULL,'2011-02-27 18:43:05','','',17),(235,1,5,1,5,NULL,'2011-02-27 18:51:50','','',17),(236,1,5,1,5,NULL,'2011-02-27 19:05:59','','',17),(237,1,5,1,5,NULL,'2011-02-27 19:14:04','','',17),(238,24,5,2,81,NULL,'2011-02-27 19:14:34','','',17),(239,24,5,2,81,NULL,'2011-02-27 19:14:55','','',17),(240,1,5,1,5,NULL,'2011-02-27 19:15:40','','',17),(241,24,5,2,81,NULL,'2011-02-27 19:17:30','','',17),(242,24,5,2,81,NULL,'2011-02-27 19:18:21','','',17),(243,20,5,2,83,NULL,'2011-02-27 19:19:56','','',17),(244,20,5,2,84,NULL,'2011-02-27 19:20:32','','',17),(245,1,5,1,5,NULL,'2011-02-27 19:20:56','','',17),(246,22,NULL,2,83,NULL,'2011-02-27 19:21:22','','',17),(247,1,5,1,5,NULL,'2011-02-27 19:31:30','','',17),(248,1,5,1,5,NULL,'2011-02-27 19:33:21','','',17),(249,1,5,1,5,NULL,'2011-02-27 19:33:27','','',17),(250,1,5,1,5,NULL,'2011-02-27 19:35:05','','',17),(251,1,5,1,5,NULL,'2011-02-27 19:35:09','','',17),(252,1,5,1,5,NULL,'2011-02-27 19:37:22','','',17),(253,1,15,1,15,NULL,'2011-02-27 19:38:57','','',17),(254,24,15,2,80,NULL,'2011-02-27 19:41:54','','',17),(255,24,15,2,80,NULL,'2011-02-27 19:42:40','','',17),(256,1,15,1,15,NULL,'2011-02-27 19:42:57','','',17),(257,20,15,2,85,NULL,'2011-02-27 19:43:57','','',17),(258,1,15,1,15,NULL,'2011-02-27 19:44:43','','',17),(259,1,15,1,15,NULL,'2011-02-27 19:46:41','','',17),(260,1,15,1,15,NULL,'2011-02-27 19:46:43','','',17),(261,24,15,2,85,NULL,'2011-02-27 19:46:59','','',17),(262,1,15,1,15,NULL,'2011-02-27 19:50:31','','',17),(263,24,15,2,85,NULL,'2011-02-27 19:50:54','','',17),(264,24,15,2,85,NULL,'2011-02-27 19:53:58','','',17),(265,1,15,1,15,NULL,'2011-02-27 19:54:28','','',17),(266,1,15,1,15,NULL,'2011-02-27 20:01:17','','',17),(267,1,15,1,15,NULL,'2011-02-27 20:23:15','','',17),(268,1,15,1,15,NULL,'2011-02-27 20:23:58','','',17),(269,1,15,1,15,NULL,'2011-02-27 20:26:17','','',17),(270,1,15,1,15,NULL,'2011-02-27 20:28:10','','',17),(271,1,15,1,15,NULL,'2011-02-27 20:43:30','','',17),(272,1,15,1,15,NULL,'2011-02-27 20:46:30','','',17),(273,1,15,1,15,NULL,'2011-02-27 21:25:38','','',17),(274,1,15,1,15,NULL,'2011-02-27 21:26:51','','',17),(275,1,15,1,15,NULL,'2011-02-27 21:30:59','','',17),(276,1,3,1,3,NULL,'2011-02-27 21:39:44','','',17),(277,1,2,1,2,NULL,'2011-02-27 21:39:47','','',17),(278,1,2,1,2,NULL,'2011-02-27 21:40:03','','',17),(279,1,2,1,2,NULL,'2011-02-27 21:41:04','','',17),(280,1,3,1,3,NULL,'2011-02-27 21:41:11','','',17),(281,1,5,1,5,NULL,'2011-02-27 21:41:13','','',17),(282,1,5,1,5,NULL,'2011-02-27 21:51:08','','',17),(283,1,5,1,5,NULL,'2011-02-27 21:57:15','','',17),(284,1,5,1,5,NULL,'2011-02-27 22:00:22','','',17),(285,1,5,1,5,NULL,'2011-02-27 22:00:42','','',17),(286,1,5,1,5,NULL,'2011-02-27 22:01:47','','',17),(287,1,5,1,5,NULL,'2011-02-27 22:02:14','','',17),(288,1,5,1,5,NULL,'2011-02-27 22:10:53','','',17),(289,1,5,1,5,NULL,'2011-02-27 22:12:09','','',17),(290,1,5,1,5,NULL,'2011-02-27 22:12:24','','',17),(291,1,5,1,5,NULL,'2011-02-27 22:12:26','','',17),(292,1,5,1,5,NULL,'2011-02-27 22:55:59','','',17),(293,1,5,1,5,NULL,'2011-02-28 09:57:19','','',17),(294,1,5,1,5,NULL,'2011-02-28 21:35:19','','',17),(295,1,5,1,5,NULL,'2011-02-28 21:41:20','','',17),(296,1,5,1,5,NULL,'2011-02-28 21:41:55','','',17),(297,1,5,1,5,NULL,'2011-02-28 21:43:08','','',17),(298,1,5,1,5,NULL,'2011-02-28 21:43:41','','',17),(299,1,5,1,5,NULL,'2011-02-28 23:50:04','','',17),(300,1,1,1,1,NULL,'2011-03-02 21:06:34','','',17),(301,1,3,1,3,NULL,'2011-03-02 21:43:29','','',17),(302,1,5,1,5,NULL,'2011-03-02 21:43:31','','',17),(303,1,5,1,5,NULL,'2011-03-02 21:45:17','','',17),(304,20,5,2,86,NULL,'2011-03-02 21:47:30','','',17),(305,1,5,1,5,NULL,'2011-03-02 21:47:36','','',17),(306,1,5,1,5,NULL,'2011-03-02 21:52:02','','',17),(307,1,5,1,5,NULL,'2011-03-02 21:54:54','','',17),(308,2,5,2,86,NULL,'2011-03-02 21:55:19','','',17),(309,2,5,2,86,NULL,'2011-03-02 21:55:38','','',17),(310,1,5,1,5,NULL,'2011-03-02 22:14:51','','',17),(311,1,5,1,5,NULL,'2011-03-02 22:20:37','','',17),(312,1,5,1,5,NULL,'2011-03-02 22:28:29','','',17),(313,1,5,1,5,NULL,'2011-03-02 22:30:33','','',17),(314,1,5,1,5,NULL,'2011-03-02 22:31:20','','',17),(315,1,15,1,15,NULL,'2011-03-06 00:26:05','','',17),(316,1,15,1,15,NULL,'2011-03-06 00:42:44','','',17),(317,1,15,1,15,NULL,'2011-03-06 00:42:49','','',17),(318,1,15,1,15,NULL,'2011-03-06 00:43:37','','',17),(319,1,15,1,15,NULL,'2011-03-06 00:51:13','','',17),(320,1,15,1,15,NULL,'2011-03-06 00:53:03','','',17),(321,1,15,1,15,NULL,'2011-03-06 01:05:26','','',17),(322,1,15,1,15,NULL,'2011-03-06 01:05:37','','',17),(323,1,15,1,15,NULL,'2011-03-06 01:10:50','','',17),(324,1,15,1,15,NULL,'2011-03-06 01:11:32','','',17),(325,1,15,1,15,NULL,'2011-03-06 01:13:55','','',17),(326,1,15,1,15,NULL,'2011-03-06 01:14:28','','',17),(327,1,15,1,15,NULL,'2011-03-06 01:14:34','','',17),(328,1,15,1,15,NULL,'2011-03-06 01:15:02','','',17),(329,1,15,1,15,NULL,'2011-03-06 01:16:47','','',17),(330,1,15,1,15,NULL,'2011-03-06 01:17:04','','',17),(331,1,15,1,15,NULL,'2011-03-06 01:17:31','','',17),(332,1,15,1,15,NULL,'2011-03-06 01:21:07','','',17),(333,1,15,1,15,NULL,'2011-03-06 01:21:56','','',17),(334,1,15,1,15,NULL,'2011-03-06 01:22:16','','',17),(335,2,15,2,85,NULL,'2011-03-06 01:22:28','','',17),(336,2,15,2,80,NULL,'2011-03-06 01:22:38','','',17),(337,24,15,2,85,NULL,'2011-03-06 01:23:20','','',17),(338,1,15,1,15,NULL,'2011-03-06 01:23:23','','',17),(339,2,15,2,85,NULL,'2011-03-06 01:23:30','','',17),(340,1,15,1,15,NULL,'2011-03-06 01:25:28','','',17),(341,1,15,1,15,NULL,'2011-03-06 01:25:53','','',17),(342,1,15,1,15,NULL,'2011-03-06 01:27:23','','',17),(343,1,15,1,15,NULL,'2011-03-06 01:30:58','','',17),(344,1,15,1,15,NULL,'2011-03-06 01:36:44','','',17),(345,1,15,1,15,NULL,'2011-03-06 01:38:10','','',17),(346,1,15,1,15,NULL,'2011-03-06 01:38:28','','',17),(347,1,15,1,15,NULL,'2011-03-06 01:39:03','','',17),(348,1,15,1,15,NULL,'2011-03-06 01:39:25','','',17),(349,1,15,1,15,NULL,'2011-03-06 01:42:54','','',17),(350,1,15,1,15,NULL,'2011-03-06 01:44:07','','',17),(351,1,15,1,15,NULL,'2011-03-06 01:44:30','','',17),(352,1,15,1,15,NULL,'2011-03-06 01:44:53','','',17),(353,1,15,1,15,NULL,'2011-03-06 01:45:22','','',17),(354,1,15,1,15,NULL,'2011-03-06 01:45:45','','',17),(355,1,15,1,15,NULL,'2011-03-06 01:46:11','','',17),(356,1,15,1,15,NULL,'2011-03-06 01:47:57','','',17),(357,1,15,1,15,NULL,'2011-03-06 01:48:13','','',17),(358,1,15,1,15,NULL,'2011-03-06 01:49:12','','',17),(359,1,15,1,15,NULL,'2011-03-06 01:49:26','','',17),(360,1,15,1,15,NULL,'2011-03-06 01:49:39','','',17),(361,1,15,1,15,NULL,'2011-03-06 01:52:05','','',17),(362,1,15,1,15,NULL,'2011-03-06 01:54:44','','',17),(363,1,15,1,15,NULL,'2011-03-06 01:55:20','','',17),(364,1,15,1,15,NULL,'2011-03-06 01:56:20','','',17),(365,1,15,1,15,NULL,'2011-03-06 01:57:54','','',17),(366,1,15,1,15,NULL,'2011-03-06 01:58:09','','',17),(367,1,15,1,15,NULL,'2011-03-06 01:58:39','','',17),(368,1,15,1,15,NULL,'2011-03-06 02:01:12','','',17),(369,1,15,1,15,NULL,'2011-03-06 02:01:42','','',17),(370,1,15,1,15,NULL,'2011-03-06 02:12:35','','',17),(371,1,2,1,2,NULL,'2011-03-06 22:00:02','','',17),(372,1,5,1,5,NULL,'2011-03-06 22:00:13','','',17),(373,2,5,2,23,NULL,'2011-03-06 22:00:21','','',17),(374,2,5,2,86,NULL,'2011-03-06 22:00:35','','',17),(375,1,5,1,5,NULL,'2011-03-06 22:02:25','','',17),(376,1,5,1,5,NULL,'2011-03-06 22:03:41','','',17),(377,1,5,1,5,NULL,'2011-03-06 22:03:54','','',17),(378,1,5,1,5,NULL,'2011-03-12 14:55:03','','',17),(379,1,3,1,3,NULL,'2011-03-12 15:34:11','','',17),(380,1,3,1,3,NULL,'2011-03-12 15:34:16','','',17),(381,1,5,1,5,NULL,'2011-03-12 15:34:20','','',17),(382,1,3,1,3,NULL,'2011-03-12 15:34:22','','',17),(383,1,5,1,5,NULL,'2011-03-12 15:34:24','','',17),(384,1,15,1,15,NULL,'2011-03-12 15:34:26','','',17),(385,1,5,1,5,NULL,'2011-03-12 15:34:50','','',17),(386,1,5,1,5,NULL,'2011-03-12 15:43:21','','',17),(387,1,5,1,5,NULL,'2011-03-12 16:19:26','','',17),(388,1,5,1,5,NULL,'2011-03-12 16:27:14','','',17),(389,1,5,1,5,NULL,'2011-03-12 16:27:51','','',17),(390,1,5,1,5,NULL,'2011-03-12 16:28:04','','',17),(391,1,5,1,5,NULL,'2011-03-12 16:28:46','','',17),(392,1,5,1,5,NULL,'2011-03-12 20:42:10','','',17),(393,1,5,1,5,NULL,'2011-03-12 20:45:41','','',17),(394,1,5,1,5,NULL,'2011-03-12 20:48:18','','',17),(395,1,5,1,5,NULL,'2011-03-12 20:51:39','','',17),(396,1,5,1,5,NULL,'2011-03-12 20:53:05','','',17),(397,1,5,1,5,NULL,'2011-03-14 22:47:32','','',9),(398,1,1,1,1,NULL,'2011-03-17 20:50:58','','',17),(399,1,1,1,1,NULL,'2011-03-17 20:55:16','','',17),(400,1,1,1,1,NULL,'2011-03-17 21:26:14','','',17),(401,1,1,1,1,NULL,'2011-03-17 21:44:06','','',17),(402,1,2,1,2,NULL,'2011-03-17 21:44:11','','',17),(403,1,2,1,2,NULL,'2011-03-17 21:48:32','','',17),(404,1,2,1,2,NULL,'2011-03-17 21:48:47','','',17),(405,1,2,1,2,NULL,'2011-03-17 21:50:04','','',17),(406,1,2,1,2,NULL,'2011-03-17 21:51:22','','',17),(407,1,2,1,2,NULL,'2011-03-17 21:57:23','','',17),(408,1,2,1,2,NULL,'2011-03-17 22:06:36','','',17),(409,1,2,1,2,NULL,'2011-03-17 22:07:50','','',17),(410,1,2,1,2,NULL,'2011-03-17 22:08:23','','',17),(411,1,2,1,2,NULL,'2011-03-17 22:08:48','','',17),(412,1,2,1,2,NULL,'2011-03-17 22:09:58','','',17),(413,1,2,1,2,NULL,'2011-03-17 22:10:34','','',17),(414,1,2,1,2,NULL,'2011-03-17 22:11:26','','',17),(415,1,2,1,2,NULL,'2011-03-17 22:11:50','','',17),(416,1,2,1,2,NULL,'2011-03-17 22:12:39','','',17),(417,1,2,1,2,NULL,'2011-03-17 22:13:21','','',17),(418,1,2,1,2,NULL,'2011-03-17 22:14:17','','',17),(419,1,2,1,2,NULL,'2011-03-17 22:15:03','','',17),(420,1,2,1,2,NULL,'2011-03-17 22:16:29','','',17),(421,1,2,1,2,NULL,'2011-03-17 22:18:19','','',17),(422,1,2,1,2,NULL,'2011-03-17 22:22:19','','',17),(423,20,2,2,87,NULL,'2011-03-17 22:22:52','','',17),(424,1,2,1,2,NULL,'2011-03-17 22:23:00','','',17),(425,2,2,2,87,NULL,'2011-03-17 22:23:02','','',17),(426,1,2,1,2,NULL,'2011-03-17 22:29:50','','',17),(427,1,2,1,2,NULL,'2011-03-17 22:39:55','','',17),(428,1,2,1,2,NULL,'2011-03-17 22:44:20','','',17),(429,1,2,1,2,NULL,'2011-03-17 22:44:38','','',17),(430,1,2,1,2,NULL,'2011-03-17 23:01:49','','',17),(431,1,1,1,1,NULL,'2011-03-19 12:49:57','','',17),(432,20,1,2,88,NULL,'2011-03-19 12:54:07','','',17),(433,1,1,1,1,NULL,'2011-03-19 12:54:12','','',17),(434,2,1,2,88,NULL,'2011-03-19 12:54:16','','',17),(435,1,1,1,1,NULL,'2011-03-19 13:06:18','','',17),(436,1,1,1,1,NULL,'2011-03-19 13:16:04','','',17),(437,1,1,1,1,NULL,'2011-03-19 13:22:38','','',17),(438,1,1,1,1,NULL,'2011-03-19 13:22:52','','',17),(439,1,1,1,1,NULL,'2011-03-19 13:28:13','','',17),(440,1,1,1,1,NULL,'2011-03-19 13:29:10','','',17),(441,1,1,1,1,NULL,'2011-03-19 13:29:44','','',17),(442,1,1,1,1,NULL,'2011-03-19 13:36:37','','',17),(443,1,1,1,1,NULL,'2011-03-19 13:43:20','','',17),(444,1,1,1,1,NULL,'2011-03-19 13:48:02','','',17),(445,1,1,1,1,NULL,'2011-03-19 13:50:58','','',17),(446,1,1,1,1,NULL,'2011-03-19 13:51:19','','',17),(447,1,1,1,1,NULL,'2011-03-19 13:51:36','','',17),(448,1,1,1,1,NULL,'2011-03-19 13:53:15','','',17),(449,1,1,1,1,NULL,'2011-03-19 13:55:09','','',17),(450,1,1,1,1,NULL,'2011-03-19 13:55:15','','',17),(451,1,1,1,1,NULL,'2011-03-19 13:55:35','','',17),(452,1,1,1,1,NULL,'2011-03-19 14:37:51','','',17),(453,1,1,1,1,NULL,'2011-03-19 14:42:44','','',17),(454,1,1,1,1,NULL,'2011-03-19 14:43:18','','',17),(455,1,1,1,1,NULL,'2011-03-19 14:44:36','','',17),(456,1,1,1,1,NULL,'2011-03-19 14:51:05','','',17),(457,1,1,1,1,NULL,'2011-03-19 15:01:27','','',17),(458,1,1,1,1,NULL,'2011-03-19 15:11:47','','',17),(459,1,1,1,1,NULL,'2011-03-19 15:12:08','','',17),(460,1,1,1,1,NULL,'2011-03-19 15:13:38','','',17),(461,1,1,1,1,NULL,'2011-03-19 15:14:44','','',17),(462,1,1,1,1,NULL,'2011-03-19 15:16:09','','',17),(463,1,1,1,1,NULL,'2011-03-19 15:16:55','','',17),(464,1,1,1,1,NULL,'2011-03-19 15:17:36','','',17),(465,1,1,1,1,NULL,'2011-03-19 15:19:19','','',17),(466,1,1,1,1,NULL,'2011-03-19 15:20:16','','',17),(467,1,1,1,1,NULL,'2011-03-19 15:20:56','','',17),(468,1,1,1,1,NULL,'2011-03-19 15:21:30','','',17),(469,1,1,1,1,NULL,'2011-03-19 15:24:59','','',17),(470,1,1,1,1,NULL,'2011-03-19 15:25:06','','',17),(471,1,1,1,1,NULL,'2011-03-19 15:25:29','','',17),(472,1,1,1,1,NULL,'2011-03-19 15:25:37','','',17),(473,1,1,1,1,NULL,'2011-03-19 15:25:39','','',17),(474,1,1,1,1,NULL,'2011-03-19 15:26:44','','',17),(475,1,1,1,1,NULL,'2011-03-19 15:27:41','','',17),(476,1,1,1,1,NULL,'2011-03-19 15:28:17','','',17),(477,1,1,1,1,NULL,'2011-03-19 15:29:34','','',17),(478,1,1,1,1,NULL,'2011-03-19 15:34:22','','',17),(479,1,1,1,1,NULL,'2011-03-19 15:34:45','','',17),(480,1,1,1,1,NULL,'2011-03-19 15:47:02','','',17),(481,1,1,1,1,NULL,'2011-03-19 15:49:54','','',17),(482,1,1,1,1,NULL,'2011-03-19 15:52:31','','',17),(483,1,1,1,1,NULL,'2011-03-19 15:53:08','','',17),(484,1,1,1,1,NULL,'2011-03-19 15:53:24','','',17),(485,1,1,1,1,NULL,'2011-03-19 15:54:39','','',17),(486,1,1,1,1,NULL,'2011-03-19 15:55:25','','',17),(487,1,1,1,1,NULL,'2011-03-19 15:57:04','','',17),(488,1,1,1,1,NULL,'2011-03-19 15:57:28','','',17),(489,1,1,1,1,NULL,'2011-03-19 15:58:59','','',17),(490,1,1,1,1,NULL,'2011-03-19 16:01:04','','',17),(491,1,1,1,1,NULL,'2011-03-19 17:04:15','','',17),(492,1,1,1,1,NULL,'2011-03-19 17:04:18','','',17),(493,1,1,1,1,NULL,'2011-03-19 17:05:19','','',17),(494,1,1,1,1,NULL,'2011-03-19 17:06:47','','',17),(495,1,1,1,1,NULL,'2011-03-19 17:07:06','','',17),(496,1,1,1,1,NULL,'2011-03-19 17:09:07','','',17),(497,1,1,1,1,NULL,'2011-03-19 17:10:54','','',17),(498,1,1,1,1,NULL,'2011-03-19 17:14:01','','',17),(499,1,1,1,1,NULL,'2011-03-19 17:14:15','','',17),(500,1,1,1,1,NULL,'2011-03-19 17:15:17','','',17),(501,1,1,1,1,NULL,'2011-03-20 13:08:35','','',17),(502,1,1,1,1,NULL,'2011-03-20 13:55:20','','',17),(503,1,1,1,1,NULL,'2011-03-20 13:55:23','','',17),(504,1,1,1,1,NULL,'2011-03-20 13:56:12','','',17),(505,1,1,1,1,NULL,'2011-03-22 18:17:29','','',17),(506,1,1,1,1,NULL,'2011-03-22 18:25:21','','',17),(507,1,1,1,1,NULL,'2011-03-22 18:30:52','','',17),(508,1,1,1,1,NULL,'2011-03-22 18:31:46','','',17),(509,1,1,1,1,NULL,'2011-03-22 18:33:40','','',17),(510,1,2,1,2,NULL,'2011-03-22 18:33:54','','',17),(511,1,3,1,3,NULL,'2011-03-22 18:33:58','','',17),(512,1,5,1,5,NULL,'2011-03-22 18:34:00','','',17),(513,1,5,1,5,NULL,'2011-03-22 18:38:44','','',17),(514,9,49,1,49,NULL,'2011-03-22 19:35:55','','',17),(515,9,50,1,50,NULL,'2011-03-22 19:37:52','','',17),(516,9,51,1,51,NULL,'2011-03-22 19:49:29','','',17),(517,1,1,1,1,NULL,'2011-03-22 22:02:32','','',17),(518,1,1,1,1,NULL,'2011-03-24 23:14:31','','',17),(519,20,1,2,89,NULL,'2011-03-24 23:15:01','','',17),(520,1,1,1,1,NULL,'2011-03-24 23:15:41','','',17),(521,2,1,2,89,NULL,'2011-03-24 23:15:46','','',17),(522,2,1,2,89,NULL,'2011-03-24 23:16:11','','',17),(523,2,1,2,89,NULL,'2011-03-24 23:16:13','','',17),(524,2,1,2,88,NULL,'2011-03-24 23:16:30','','',17),(525,1,1,1,1,NULL,'2011-03-24 23:16:49','','',17),(526,1,1,1,1,NULL,'2011-03-24 23:17:12','','',17),(527,2,1,2,89,NULL,'2011-03-24 23:17:15','','',17),(528,2,1,2,89,NULL,'2011-03-24 23:17:17','','',17),(529,2,1,2,89,NULL,'2011-03-24 23:17:19','','',17),(530,1,3,1,3,NULL,'2011-03-24 23:20:14','','',17),(531,1,4,1,4,NULL,'2011-03-24 23:20:20','','',17),(532,1,4,1,4,NULL,'2011-03-24 23:20:30','','',17),(533,1,3,1,3,NULL,'2011-03-24 23:20:33','','',17),(534,1,2,1,2,NULL,'2011-03-24 23:20:35','','',17),(535,2,2,2,87,NULL,'2011-03-24 23:20:38','','',17),(536,1,1,1,1,NULL,'2011-03-24 23:22:27','','',17),(537,2,1,2,89,NULL,'2011-03-24 23:22:32','','',17),(538,1,1,1,1,NULL,'2011-03-24 23:26:26','','',17),(539,2,1,2,89,NULL,'2011-03-24 23:26:47','','',17),(540,2,1,2,89,NULL,'2011-03-24 23:27:11','','',17),(541,2,1,2,89,NULL,'2011-03-24 23:27:20','','',17),(542,2,1,2,89,NULL,'2011-03-24 23:27:25','','',17),(543,2,1,2,89,NULL,'2011-03-24 23:27:27','','',17),(544,2,1,2,89,NULL,'2011-03-24 23:27:29','','',17),(545,2,1,2,89,NULL,'2011-03-24 23:27:34','','',17),(546,2,1,2,89,NULL,'2011-03-24 23:27:36','','',17),(547,1,1,1,1,NULL,'2011-03-24 23:36:15','','',17),(548,2,1,2,89,NULL,'2011-03-24 23:36:21','','',17),(549,2,1,2,89,NULL,'2011-03-24 23:36:30','','',17),(550,2,1,2,89,NULL,'2011-03-24 23:36:33','','',17),(551,2,1,2,89,NULL,'2011-03-24 23:36:34','','',17),(552,2,1,2,89,NULL,'2011-03-24 23:36:35','','',17),(553,2,1,2,89,NULL,'2011-03-24 23:36:51','','',17),(554,2,1,2,89,NULL,'2011-03-24 23:36:58','','',17),(555,2,1,2,88,NULL,'2011-03-24 23:37:47','','',17),(556,2,1,2,88,NULL,'2011-03-24 23:37:48','','',17),(557,2,1,2,89,NULL,'2011-03-24 23:37:48','','',17),(558,2,1,2,89,NULL,'2011-03-24 23:37:49','','',17),(559,2,1,2,89,NULL,'2011-03-24 23:37:50','','',17),(560,2,1,2,89,NULL,'2011-03-24 23:45:42','','',17),(561,1,3,1,3,NULL,'2011-03-25 06:45:12','','',17),(562,1,4,1,4,NULL,'2011-03-25 06:45:13','','',17),(563,1,4,1,4,NULL,'2011-03-25 06:46:46','','',17),(564,1,1,1,1,NULL,'2011-03-25 06:46:49','','',17),(565,2,1,2,89,NULL,'2011-03-25 06:46:52','','',17),(566,1,1,1,1,NULL,'2011-03-25 06:48:42','','',17),(567,2,1,2,88,NULL,'2011-03-25 06:49:44','','',17),(568,2,1,2,89,NULL,'2011-03-25 06:49:55','','',17),(569,2,1,2,89,NULL,'2011-03-25 06:49:56','','',17),(570,2,1,2,89,NULL,'2011-03-25 06:50:09','','',17),(571,1,2,1,2,NULL,'2011-04-20 09:52:47','','',17),(572,1,2,1,2,NULL,'2011-04-20 09:55:52','','',17),(573,1,2,1,2,NULL,'2011-04-20 10:04:28','','',17),(574,1,1,1,1,NULL,'2011-04-20 10:04:40','','',17),(575,1,2,1,2,NULL,'2011-04-20 10:06:02','','',17),(576,1,2,1,2,NULL,'2011-04-20 10:08:57','','',17),(577,20,2,2,90,NULL,'2011-04-20 10:09:11','','',17),(578,2,2,2,90,NULL,'2011-04-20 10:09:27','','',17),(579,2,2,2,90,NULL,'2011-04-20 10:09:47','','',17),(580,2,2,2,90,NULL,'2011-04-20 10:09:48','','',17),(581,1,17,1,17,NULL,'2011-04-20 10:10:09','','',17),(582,8,52,1,52,NULL,'2011-04-20 10:10:43','','',17),(583,1,17,1,17,NULL,'2011-04-20 10:10:57','','',17),(584,1,3,1,3,NULL,'2011-04-20 10:11:20','','',17),(585,1,3,1,3,NULL,'2011-04-20 10:15:19','','',17),(586,40,3,1,3,'{\"aro_id\":\"1\",\"aro_ref_id\":\"45\",\"perms\":{\"_read\":0,\"_write\":0,\"_manage\":0}}','2011-04-20 10:16:15','','',17),(587,1,4,1,4,NULL,'2011-04-20 10:16:37','','',17),(588,41,NULL,NULL,NULL,'{\"id\":\"28\"}','2011-04-20 10:16:42','','',17),(589,40,4,1,4,'{\"aro_id\":\"1\",\"aro_ref_id\":\"45\",\"perms\":{\"_read\":1,\"_write\":0,\"_manage\":0}}','2011-04-20 10:17:04','','',17),(590,1,4,1,4,NULL,'2011-04-20 10:17:38','','',17),(591,10,27,1,27,NULL,'2011-04-20 10:17:51','','',17),(592,1,1,1,1,NULL,'2011-04-21 04:50:58','','',37),(593,1,1,1,1,NULL,'2011-04-21 04:51:10','','',37),(594,10,11,1,11,NULL,'2011-04-21 04:52:04','','',37),(595,10,11,1,11,NULL,'2011-04-21 05:24:25','','',37),(596,10,1,1,1,NULL,'2011-04-21 05:25:35','','',37),(597,1,1,1,1,NULL,'2011-04-21 05:25:58','','',37),(598,1,3,1,3,NULL,'2011-04-21 05:36:24','','',37),(599,1,47,1,47,NULL,'2011-04-21 05:36:55','','',37),(600,1,5,1,5,NULL,'2011-04-21 05:37:10','','',37),(601,10,27,1,27,NULL,'2011-04-21 05:37:41','','',37),(602,1,27,1,27,NULL,'2011-04-21 05:37:47','','',37),(603,10,48,1,48,NULL,'2011-04-21 05:38:07','','',37),(604,1,48,1,48,NULL,'2011-04-21 05:38:13','','',37),(605,10,1,1,1,NULL,'2011-04-21 05:38:19','','',37),(606,10,11,1,11,NULL,'2011-04-21 05:38:25','','',37),(607,1,11,1,11,NULL,'2011-04-21 05:38:31','','',37),(608,1,38,1,38,NULL,'2011-04-21 05:38:54','','',37),(609,1,39,1,39,NULL,'2011-04-21 05:38:58','','',37),(610,1,40,1,40,NULL,'2011-04-21 05:39:00','','',37),(611,1,16,1,16,NULL,'2011-04-21 05:39:05','','',37),(612,10,1,1,1,NULL,'2011-04-21 05:39:27','','',37),(613,1,4,1,4,NULL,'2011-04-21 05:41:47','','',37),(614,1,14,1,14,NULL,'2011-04-21 05:42:07','','',37),(615,1,14,1,14,NULL,'2011-04-21 05:42:36','','',37),(616,1,5,1,5,NULL,'2011-04-21 05:42:46','','',37),(617,1,4,1,4,NULL,'2011-04-21 05:43:00','','',37),(618,8,53,1,53,NULL,'2011-04-21 05:43:13','','',37),(619,1,53,1,53,NULL,'2011-04-21 05:43:15','','',37),(620,10,27,1,27,NULL,'2011-04-21 05:44:25','','',37),(621,1,27,1,27,NULL,'2011-04-21 05:47:22','','',37),(622,1,27,1,27,NULL,'2011-04-21 05:47:29','','',37),(623,1,27,1,27,NULL,'2011-04-21 05:48:08','','',37),(624,1,27,1,27,NULL,'2011-04-21 05:48:20','','',37),(625,8,54,1,54,NULL,'2011-04-21 05:48:31','','',37),(626,1,54,1,54,NULL,'2011-04-21 05:48:33','','',37),(627,1,54,1,54,NULL,'2011-04-21 05:48:38','','',37),(628,40,54,1,54,'{\"aro_id\":\"1\",\"aro_ref_id\":\"45\",\"perms\":{\"_read\":1,\"_write\":0,\"_manage\":0}}','2011-04-21 05:49:36','','',37),(629,40,54,1,54,'{\"aro_id\":\"2\",\"aro_ref_id\":\"38\",\"perms\":{\"_read\":1,\"_write\":1,\"_manage\":0}}','2011-04-21 05:50:05','','',37),(630,1,54,1,54,NULL,'2011-04-21 05:50:41','','',37),(631,1,54,1,54,NULL,'2011-04-21 05:51:19','','',37),(632,20,54,2,91,NULL,'2011-04-21 05:53:00','','',37),(633,1,54,1,54,NULL,'2011-04-21 05:54:30','','',37),(634,1,54,1,54,NULL,'2011-04-21 05:55:51','','',38),(635,1,54,1,54,NULL,'2011-04-21 05:57:06','','',38),(636,10,1,1,1,NULL,'2011-04-21 05:57:38','','',38),(637,1,3,1,3,NULL,'2011-04-21 05:57:56','','',38),(638,10,27,1,27,NULL,'2011-04-21 06:02:50','','',38),(639,1,54,1,54,NULL,'2011-04-21 06:09:33','','',38),(640,1,54,1,54,NULL,'2011-04-21 06:27:12','','',38),(641,10,11,1,11,NULL,'2011-04-21 06:30:26','','',38),(642,1,11,1,11,NULL,'2011-04-21 06:31:08','','',37),(643,3,11,1,11,'{\"o\":\"WebDev\",\"n\":\"Optique Sergent \"}','2011-04-21 06:31:44','','',37),(644,1,11,1,11,NULL,'2011-04-21 06:32:02','','',37),(645,10,1,1,1,NULL,'2011-04-21 06:33:45','','',37),(646,1,2,1,2,NULL,'2011-04-21 06:34:22','','',37),(647,1,2,1,2,NULL,'2011-04-21 06:34:31','','',37),(648,1,5,1,5,NULL,'2011-04-21 06:35:07','','',37),(649,10,11,1,11,NULL,'2011-04-21 06:36:00','','',37),(650,1,12,1,12,NULL,'2011-04-21 06:36:07','','',37),(651,10,27,1,27,NULL,'2011-04-21 06:36:14','','',37),(652,1,54,1,54,NULL,'2011-04-21 06:36:22','','',37),(653,10,1,1,1,NULL,'2011-04-21 06:37:19','','',37),(654,1,1,1,1,NULL,'2011-04-21 06:37:24','','',37),(655,40,1,1,1,'{\"aro_id\":\"1\",\"aro_ref_id\":\"46\",\"perms\":{\"_read\":0,\"_write\":0,\"_manage\":0}}','2011-04-21 06:40:39','','',37),(656,1,2,1,2,NULL,'2011-04-21 06:41:25','','',37),(657,1,2,1,2,NULL,'2011-04-21 06:42:18','','',37),(658,1,3,1,3,NULL,'2011-04-21 06:42:28','','',37),(659,1,5,1,5,NULL,'2011-04-21 06:42:32','','',37),(660,2,5,2,84,NULL,'2011-04-21 06:43:09','','',37),(661,2,5,2,84,NULL,'2011-04-21 06:43:28','','',37),(662,2,5,2,84,NULL,'2011-04-21 06:43:44','','',37),(663,2,5,2,29,NULL,'2011-04-21 06:43:58','','',37),(664,2,5,2,29,NULL,'2011-04-21 06:44:52','','',37),(665,1,5,1,5,NULL,'2011-04-21 06:46:08','','',37),(666,1,7,1,7,NULL,'2011-04-21 06:46:43','','',37),(667,1,4,1,4,NULL,'2011-04-21 06:46:50','','',37),(668,1,4,1,4,NULL,'2011-04-21 06:46:56','','',37),(669,1,14,1,14,NULL,'2011-04-21 06:46:59','','',37),(670,2,14,2,34,NULL,'2011-04-21 06:47:05','','',37),(671,2,14,2,34,NULL,'2011-04-21 06:47:08','','',37),(672,1,17,1,17,NULL,'2011-04-21 06:51:40','','',37),(673,1,14,1,14,NULL,'2011-04-21 06:51:44','','',37),(674,1,17,1,17,NULL,'2011-04-21 06:51:54','','',37),(675,1,53,1,53,NULL,'2011-04-21 06:51:56','','',37),(676,1,14,1,14,NULL,'2011-04-21 06:52:00','','',37),(677,1,7,1,7,NULL,'2011-04-21 06:52:02','','',37),(678,1,5,1,5,NULL,'2011-04-21 06:52:07','','',37),(679,20,5,2,92,NULL,'2011-04-21 06:52:49','','',37),(680,2,5,2,92,NULL,'2011-04-21 06:52:54','','',37),(681,20,5,2,93,NULL,'2011-04-21 06:53:46','','',37),(682,2,5,2,93,NULL,'2011-04-21 06:53:50','','',37),(683,1,1,1,1,NULL,'2011-04-21 06:54:46','','',37),(684,1,1,1,1,NULL,'2011-04-21 06:56:49','','',37),(685,1,2,1,2,NULL,'2011-04-21 06:56:52','','',37),(686,10,11,1,11,NULL,'2011-04-21 06:57:06','','',37),(687,1,11,1,11,NULL,'2011-04-21 06:57:14','','',37),(688,1,11,1,11,NULL,'2011-04-21 06:57:49','','',37),(689,1,11,1,11,NULL,'2011-04-21 06:57:52','','',37),(690,1,12,1,12,NULL,'2011-04-21 06:58:01','','',37),(691,8,55,1,55,NULL,'2011-04-21 06:58:02','','',37),(692,1,13,1,13,NULL,'2011-04-21 06:58:15','','',37),(693,1,12,1,12,NULL,'2011-04-21 06:58:18','','',37),(694,3,12,1,12,'{\"o\":\"prod\",\"n\":\"DEV\"}','2011-04-21 06:58:20','','',37),(695,1,13,1,13,NULL,'2011-04-21 06:58:21','','',37),(696,8,56,1,56,NULL,'2011-04-21 06:58:30','','',37),(697,1,16,1,16,NULL,'2011-04-21 06:58:36','','',37),(698,1,13,1,13,NULL,'2011-04-21 06:58:39','','',37),(699,4,16,1,16,NULL,'2011-04-21 06:58:40','','',37),(700,4,55,1,55,NULL,'2011-04-21 06:59:13','','',37),(701,4,56,1,56,NULL,'2011-04-21 06:59:19','','',37),(702,1,12,1,12,NULL,'2011-04-21 06:59:23','','',37),(703,4,13,1,13,NULL,'2011-04-21 06:59:23','','',37),(704,1,11,1,11,NULL,'2011-04-21 06:59:26','','',37),(705,8,57,1,57,NULL,'2011-04-21 06:59:35','','',37),(706,8,58,1,58,NULL,'2011-04-21 06:59:44','','',37),(707,1,11,1,11,NULL,'2011-04-21 07:00:00','','',37),(708,10,1,1,1,NULL,'2011-04-21 07:04:37','','',37),(709,1,1,1,1,NULL,'2011-04-21 07:04:42','','',37),(710,1,2,1,2,NULL,'2011-04-21 07:04:59','','',37),(711,1,2,1,2,NULL,'2011-04-21 07:06:08','','',37),(712,1,3,1,3,NULL,'2011-04-21 07:06:31','','',37),(713,1,2,1,2,NULL,'2011-04-21 07:06:42','','',37),(714,1,4,1,4,NULL,'2011-04-21 07:06:55','','',37),(715,1,4,1,4,NULL,'2011-04-21 07:06:59','','',37),(716,1,53,1,53,NULL,'2011-04-21 07:07:36','','',37),(717,40,53,1,53,'{\"aro_id\":\"1\",\"aro_ref_id\":\"44\",\"perms\":{\"_read\":1,\"_write\":1,\"_manage\":0}}','2011-04-21 07:07:50','','',37),(718,1,53,1,53,NULL,'2011-04-21 07:07:54','','',37),(719,20,53,2,94,NULL,'2011-04-21 07:08:07','','',37),(720,20,53,2,95,NULL,'2011-04-21 07:08:19','','',37),(721,1,53,1,53,NULL,'2011-04-21 07:08:48','','',38),(722,1,53,1,53,NULL,'2011-04-21 07:09:08','','',38),(723,2,53,2,95,NULL,'2011-04-21 07:10:01','','',38),(724,2,53,2,95,NULL,'2011-04-21 07:10:03','','',38),(725,1,53,1,53,NULL,'2011-04-21 07:11:59','','',38),(726,10,11,1,11,NULL,'2011-04-21 08:21:46','','',38),(727,1,44,1,44,NULL,'2011-04-21 08:22:59','','',38),(728,10,1,1,1,NULL,'2011-04-21 08:28:56','','',38),(729,1,1,1,1,NULL,'2011-04-21 08:31:00','','',37),(730,1,1,1,1,NULL,'2011-04-21 08:31:04','','',37),(731,2,1,2,88,NULL,'2011-04-21 08:31:39','','',37),(732,1,2,1,2,NULL,'2011-04-21 08:31:55','','',37),(733,10,11,1,11,NULL,'2011-04-21 08:32:11','','',37),(734,1,11,1,11,NULL,'2011-04-21 08:32:16','','',37),(735,20,11,2,96,NULL,'2011-04-21 08:32:36','','',37),(736,2,11,2,96,NULL,'2011-04-21 08:33:27','','',37),(737,8,59,1,59,NULL,'2011-04-21 08:33:58','','',37),(738,4,44,1,44,NULL,'2011-04-21 08:33:59','','',37),(739,4,59,1,59,NULL,'2011-04-21 08:34:04','','',37),(740,1,12,1,12,NULL,'2011-04-21 08:34:08','','',37),(741,1,12,1,12,NULL,'2011-04-21 08:37:04','','',37),(742,1,12,1,12,NULL,'2011-04-21 08:38:05','','',37),(743,1,12,1,12,NULL,'2011-04-21 08:42:11','','',37),(744,1,11,1,11,NULL,'2011-04-21 08:42:15','','',37),(745,1,12,1,12,NULL,'2011-04-21 08:42:19','','',37),(746,40,12,1,12,'{\"aro_id\":\"2\",\"aro_ref_id\":\"38\",\"perms\":{\"_read\":1,\"_write\":1,\"_manage\":0}}','2011-04-21 08:42:51','','',37),(747,40,12,1,12,'{\"aro_id\":\"2\",\"aro_ref_id\":\"39\",\"perms\":{\"_read\":1,\"_write\":1,\"_manage\":1}}','2011-04-21 08:43:38','','',37),(748,40,12,1,12,'{\"aro_id\":\"2\",\"aro_ref_id\":\"17\",\"perms\":{\"_read\":1,\"_write\":1,\"_manage\":1}}','2011-04-21 08:43:53','','',37),(749,1,12,1,12,NULL,'2011-04-21 08:45:11','','',37),(750,1,57,1,57,NULL,'2011-04-21 08:45:35','','',37),(751,40,57,1,57,'{\"aro_id\":\"2\",\"aro_ref_id\":\"9\",\"perms\":{\"_read\":1,\"_write\":0,\"_manage\":0}}','2011-04-21 08:46:05','','',37),(752,40,57,1,57,'{\"aro_id\":\"2\",\"aro_ref_id\":\"38\",\"perms\":{\"_read\":1,\"_write\":1,\"_manage\":1}}','2011-04-21 08:46:18','','',37),(753,40,57,1,57,'{\"aro_id\":\"2\",\"aro_ref_id\":\"17\",\"perms\":{\"_read\":1,\"_write\":1,\"_manage\":1}}','2011-04-21 08:46:38','','',37),(754,40,57,1,57,'{\"aro_id\":\"2\",\"aro_ref_id\":\"39\",\"perms\":{\"_read\":1,\"_write\":1,\"_manage\":1}}','2011-04-21 08:46:49','','',37),(755,1,57,1,57,NULL,'2011-04-21 08:47:08','','',37),(756,1,11,1,11,NULL,'2011-04-21 08:48:25','','',37),(757,1,12,1,12,NULL,'2011-04-21 08:48:44','','',37),(758,1,57,1,57,NULL,'2011-04-21 08:51:37','','',37),(759,1,58,1,58,NULL,'2011-04-21 08:51:38','','',37),(760,22,NULL,2,9,NULL,'2011-04-21 08:52:50','','',37),(761,1,12,1,12,NULL,'2011-04-21 08:52:56','','',37),(762,1,12,1,12,NULL,'2011-04-21 08:53:15','','',37),(763,1,57,1,57,NULL,'2011-04-21 08:54:20','','',37),(764,1,58,1,58,NULL,'2011-04-21 08:54:23','','',37),(765,1,58,1,58,NULL,'2011-04-21 08:55:45','','',37),(766,1,58,1,58,NULL,'2011-04-21 08:55:56','','',37),(767,10,1,1,1,NULL,'2011-04-21 09:05:56','','',37),(768,1,3,1,3,NULL,'2011-04-21 09:06:09','','',37),(769,1,5,1,5,NULL,'2011-04-21 09:06:31','','',37),(770,1,5,1,5,NULL,'2011-04-21 09:10:31','','',37),(771,40,5,1,5,'{\"aro_id\":\"1\",\"aro_ref_id\":\"46\",\"perms\":{\"_read\":1,\"_write\":1,\"_manage\":0}}','2011-04-21 09:10:43','','',37),(772,1,5,1,5,NULL,'2011-04-21 09:10:58','','',37),(773,10,11,1,11,NULL,'2011-04-21 09:12:47','','',37),(774,1,12,1,12,NULL,'2011-04-21 09:13:06','','',37),(775,10,1,1,1,NULL,'2011-04-21 09:13:59','','',37),(776,1,53,1,53,NULL,'2011-04-21 09:14:11','','',37),(777,2,53,2,94,NULL,'2011-04-21 09:14:15','','',37),(778,20,53,2,97,NULL,'2011-04-21 09:14:46','','',37),(779,1,14,1,14,NULL,'2011-04-21 09:17:32','','',37),(780,1,4,1,4,NULL,'2011-04-21 09:17:35','','',37),(781,1,14,1,14,NULL,'2011-04-21 09:17:43','','',37),(782,1,17,1,17,NULL,'2011-04-21 09:17:50','','',37),(783,1,53,1,53,NULL,'2011-04-21 09:17:52','','',37),(784,1,53,1,53,NULL,'2011-04-21 09:18:16','','',37),(785,1,53,1,53,NULL,'2011-04-21 09:18:23','','',37),(786,1,7,1,7,NULL,'2011-04-21 09:20:44','','',37),(787,10,11,1,11,NULL,'2011-04-21 09:21:23','','',37),(788,1,12,1,12,NULL,'2011-04-21 09:22:07','','',39),(789,1,57,1,57,NULL,'2011-04-21 09:22:16','','',39),(790,1,57,1,57,NULL,'2011-04-21 09:22:22','','',39),(791,1,12,1,12,NULL,'2011-04-21 09:22:28','','',39),(792,1,57,1,57,NULL,'2011-04-21 09:22:47','','',39),(793,1,12,1,12,NULL,'2011-04-21 09:22:49','','',39),(794,1,12,1,12,NULL,'2011-04-21 09:23:35','','',39),(795,1,57,1,57,NULL,'2011-04-21 09:23:42','','',39),(796,1,12,1,12,NULL,'2011-04-21 09:23:44','','',39),(797,10,1,1,1,NULL,'2011-04-21 09:23:58','','',39),(798,10,11,1,11,NULL,'2011-04-21 09:24:44','','',39),(799,1,11,1,11,NULL,'2011-04-21 09:26:41','','',37),(800,1,12,1,12,NULL,'2011-04-21 09:26:49','','',37),(801,1,57,1,57,NULL,'2011-04-21 09:26:52','','',37),(802,1,58,1,58,NULL,'2011-04-21 09:26:59','','',37),(803,1,12,1,12,NULL,'2011-04-21 09:27:36','','',37),(804,1,12,1,12,NULL,'2011-04-21 09:27:38','','',37),(805,1,38,1,38,NULL,'2011-04-21 09:27:42','','',37),(806,8,60,1,60,NULL,'2011-04-21 09:27:45','','',37),(807,3,38,1,38,'{\"o\":\"test2\",\"n\":\"shilpa\"}','2011-04-21 09:27:54','','',37),(808,3,39,1,39,'{\"o\":\"test3\",\"n\":\"quentin\"}','2011-04-21 09:28:04','','',37),(809,1,40,1,40,NULL,'2011-04-21 09:28:11','','',37),(810,3,40,1,40,'{\"o\":\"test4\",\"n\":\"test4\"}','2011-04-21 09:28:28','','',37),(811,1,39,1,39,NULL,'2011-04-21 09:28:30','','',37),(812,4,40,1,40,NULL,'2011-04-21 09:28:30','','',37),(813,4,60,1,60,NULL,'2011-04-21 09:28:33','','',37),(814,1,38,1,38,NULL,'2011-04-21 09:28:35','','',37),(815,40,38,1,38,'{\"aro_id\":\"2\",\"aro_ref_id\":\"39\",\"perms\":{\"_read\":0,\"_write\":0,\"_manage\":0}}','2011-04-21 09:29:01','','',37),(816,1,39,1,39,NULL,'2011-04-21 09:29:13','','',37),(817,40,39,1,39,'{\"aro_id\":\"2\",\"aro_ref_id\":\"38\",\"perms\":{\"_read\":0,\"_write\":0,\"_manage\":0}}','2011-04-21 09:29:16','','',37),(818,1,39,1,39,NULL,'2011-04-21 09:29:39','','',39),(819,1,12,1,12,NULL,'2011-04-21 09:29:52','','',39),(820,1,39,1,39,NULL,'2011-04-21 09:29:55','','',39),(821,1,58,1,58,NULL,'2011-04-21 09:37:18','','',37),(822,1,39,1,39,NULL,'2011-04-21 09:37:30','','',37),(823,20,39,2,98,NULL,'2011-04-21 09:37:47','','',37),(824,1,39,1,39,NULL,'2011-04-21 09:38:07','','',39),(825,1,38,1,38,NULL,'2011-04-21 09:38:32','','',38),(826,20,38,2,99,NULL,'2011-04-21 09:38:49','','',38),(827,1,38,1,38,NULL,'2011-04-21 09:38:59','','',38),(828,1,38,1,38,NULL,'2011-04-21 09:39:06','','',38),(829,1,38,1,38,NULL,'2011-04-21 09:39:21','','',38),(830,1,39,1,39,NULL,'2011-04-21 09:41:07','','',39),(831,1,39,1,39,NULL,'2011-04-21 09:41:20','','',39),(832,1,41,1,41,NULL,'2011-04-21 09:42:13','','',39),(833,1,42,1,42,NULL,'2011-04-21 09:42:17','','',39),(834,1,12,1,12,NULL,'2011-04-21 09:42:21','','',39),(835,1,39,1,39,NULL,'2011-04-21 09:42:24','','',39),(836,1,39,1,39,NULL,'2011-04-21 09:42:38','','',39),(837,1,39,1,39,NULL,'2011-04-21 09:43:14','','',39),(838,1,57,1,57,NULL,'2011-04-21 09:43:19','','',39),(839,1,12,1,12,NULL,'2011-04-21 09:44:47','','',39),(840,1,39,1,39,NULL,'2011-04-21 09:45:38','','',39),(841,10,1,1,1,NULL,'2011-04-21 09:45:52','','',39),(842,10,11,1,11,NULL,'2011-04-21 09:46:01','','',39),(843,1,12,1,12,NULL,'2011-04-21 09:46:48','','',39),(844,1,39,1,39,NULL,'2011-04-21 09:47:01','','',39),(845,1,39,1,39,NULL,'2011-04-21 09:47:01','','',39),(846,1,39,1,39,NULL,'2011-04-21 09:47:18','','',39),(847,1,39,1,39,NULL,'2011-04-21 09:58:32','','',39),(848,1,39,1,39,NULL,'2011-04-21 10:14:23','','',39),(849,1,12,1,12,NULL,'2011-04-21 10:15:53','','',39),(850,2,NULL,2,NULL,NULL,'2011-04-21 10:16:32','','',39),(851,2,NULL,2,NULL,NULL,'2011-04-21 10:16:40','','',39),(852,1,2,1,2,NULL,'2011-04-21 10:18:49','','',37),(853,1,2,1,2,NULL,'2011-04-21 10:19:20','','',37),(854,2,2,2,90,NULL,'2011-04-21 10:19:39','','',37),(855,20,2,2,100,NULL,'2011-04-21 10:20:06','','',37),(856,1,2,1,2,NULL,'2011-04-21 10:20:41','','',37),(857,1,3,1,3,NULL,'2011-04-21 10:20:45','','',37),(858,41,3,1,3,'{\"id\":\"70\",\"aro_id\":\"1\",\"aro_ref_id\":\"45\",\"perms\":{\"_read\":1,\"_write\":0,\"_manage\":0}}','2011-04-21 10:20:59','','',37),(859,41,3,1,3,'{\"id\":\"32\",\"aro_id\":\"1\",\"aro_ref_id\":\"43\",\"perms\":{\"_read\":1,\"_write\":1,\"_manage\":0}}','2011-04-21 10:21:29','','',37),(860,40,3,1,3,'{\"aro_id\":\"2\",\"aro_ref_id\":\"36\",\"perms\":{\"_read\":1,\"_write\":0,\"_manage\":0}}','2011-04-21 10:21:44','','',37),(861,1,1,1,1,NULL,'2011-04-21 10:22:23','','',37),(862,1,2,1,2,NULL,'2011-04-21 10:23:08','','',37),(863,1,3,1,3,NULL,'2011-04-21 10:23:11','','',37),(864,1,14,1,14,NULL,'2011-04-21 10:23:15','','',37),(865,1,17,1,17,NULL,'2011-04-21 10:23:17','','',37),(866,1,53,1,53,NULL,'2011-04-21 10:23:19','','',37),(867,1,53,1,53,NULL,'2011-04-21 10:23:46','','',38),(868,1,14,1,14,NULL,'2011-04-21 10:24:49','','',38),(869,1,3,1,3,NULL,'2011-04-21 10:24:53','','',38),(870,1,53,1,53,NULL,'2011-04-21 10:25:02','','',38),(871,1,39,1,39,NULL,'2011-04-21 10:27:04','','',39),(872,1,41,1,41,NULL,'2011-04-21 10:27:07','','',39),(873,1,57,1,57,NULL,'2011-04-21 10:27:11','','',39),(874,41,57,1,57,'{\"id\":\"80\",\"aro_id\":\"2\",\"aro_ref_id\":\"38\",\"perms\":{\"_read\":1,\"_write\":1,\"_manage\":0}}','2011-04-21 10:27:18','','',39),(875,1,3,1,3,NULL,'2011-04-21 10:28:08','','',37),(876,1,4,1,4,NULL,'2011-04-21 10:28:16','','',37),(877,41,4,1,4,'{\"id\":\"71\",\"aro_id\":\"1\",\"aro_ref_id\":\"45\",\"perms\":{\"_read\":1,\"_write\":1,\"_manage\":0}}','2011-04-21 10:28:32','','',37),(878,1,3,1,3,NULL,'2011-04-21 10:28:37','','',37),(879,1,2,1,2,NULL,'2011-04-21 10:28:40','','',37),(880,1,2,1,2,NULL,'2011-04-21 10:29:27','','',37),(881,1,17,1,17,NULL,'2011-04-21 10:29:37','','',37),(882,1,53,1,53,NULL,'2011-04-21 10:29:41','','',37),(883,1,3,1,3,NULL,'2011-04-21 10:32:59','','',37),(884,1,14,1,14,NULL,'2011-04-21 10:33:07','','',37),(885,1,17,1,17,NULL,'2011-04-21 10:33:24','','',37),(886,1,57,1,57,NULL,'2011-04-21 10:33:47','','',39),(887,1,57,1,57,NULL,'2011-04-21 10:36:31','','',39),(888,1,39,1,39,NULL,'2011-04-21 10:37:19','','',39),(889,1,17,1,17,NULL,'2011-04-21 10:37:31','','',37),(890,1,53,1,53,NULL,'2011-04-21 10:37:32','','',37),(891,1,17,1,17,NULL,'2011-04-21 10:44:57','','',37),(892,1,17,1,17,NULL,'2011-04-21 10:45:47','','',37),(893,1,53,1,53,NULL,'2011-04-21 10:48:49','','',37),(894,1,17,1,17,NULL,'2011-04-21 10:49:36','','',37),(895,1,17,1,17,NULL,'2011-04-21 10:56:43','','',37),(896,1,39,1,39,NULL,'2011-04-21 10:57:26','','',37),(897,1,41,1,41,NULL,'2011-04-21 10:57:35','','',37),(898,10,1,1,1,NULL,'2011-04-21 11:12:19','','',39),(899,1,17,1,17,NULL,'2011-04-21 11:19:44','','',37),(900,1,53,1,53,NULL,'2011-04-21 11:20:13','','',37),(901,1,17,1,17,NULL,'2011-04-21 11:26:32','','',37),(902,1,53,1,53,NULL,'2011-04-21 11:32:06','','',37),(903,2,53,2,97,NULL,'2011-04-21 11:32:12','','',37),(904,2,53,2,97,NULL,'2011-04-21 11:32:29','','',37),(905,1,53,1,53,NULL,'2011-04-21 11:34:04','','',37),(906,21,53,2,97,NULL,'2011-04-21 11:34:50','','',37),(907,21,53,2,97,NULL,'2011-04-21 11:35:08','','',37),(908,22,NULL,2,97,NULL,'2011-04-21 11:35:16','','',37),(909,21,53,2,95,NULL,'2011-04-21 11:35:27','','',37),(910,1,53,1,53,NULL,'2011-04-21 12:11:12','','',37),(911,1,53,1,53,NULL,'2011-04-21 12:11:38','','',37),(912,1,14,1,14,NULL,'2011-04-21 12:11:46','','',37),(913,2,14,2,35,NULL,'2011-04-21 12:11:51','','',37),(914,1,14,1,14,NULL,'2011-04-21 12:12:24','','',37),(915,1,53,1,53,NULL,'2011-04-21 12:13:05','','',37),(916,1,53,1,53,NULL,'2011-04-21 12:13:26','','',37),(917,1,17,1,17,NULL,'2011-04-21 12:13:36','','',37),(918,1,14,1,14,NULL,'2011-04-21 12:13:39','','',37),(919,1,4,1,4,NULL,'2011-04-21 12:13:42','','',37),(920,1,2,1,2,NULL,'2011-04-21 12:13:45','','',37),(921,1,3,1,3,NULL,'2011-04-21 12:13:47','','',37),(922,1,4,1,4,NULL,'2011-04-21 12:13:50','','',37),(923,1,14,1,14,NULL,'2011-04-21 12:13:53','','',37),(924,1,17,1,17,NULL,'2011-04-21 12:13:55','','',37),(925,1,53,1,53,NULL,'2011-04-21 12:14:01','','',37),(926,23,53,2,95,NULL,'2011-04-21 12:14:16','','',37),(927,21,53,2,94,NULL,'2011-04-21 12:14:23','','',37),(928,1,14,1,14,NULL,'2011-04-21 12:14:29','','',37),(929,1,53,1,53,NULL,'2011-04-21 12:14:31','','',37),(930,23,53,2,94,NULL,'2011-04-21 12:14:41','','',37),(931,1,53,1,53,NULL,'2011-04-21 12:16:32','','',37),(932,1,53,1,53,NULL,'2011-04-21 12:17:35','','',37),(933,1,17,1,17,NULL,'2011-04-21 12:17:37','','',37),(934,1,14,1,14,NULL,'2011-04-21 12:17:42','','',37),(935,1,4,1,4,NULL,'2011-04-21 12:17:48','','',37),(936,1,14,1,14,NULL,'2011-04-21 12:17:50','','',37),(937,1,17,1,17,NULL,'2011-04-21 12:17:52','','',37),(938,1,53,1,53,NULL,'2011-04-21 12:17:57','','',37),(939,1,3,1,3,NULL,'2011-04-21 12:18:01','','',37),(940,1,4,1,4,NULL,'2011-04-21 12:18:10','','',37),(941,40,4,1,4,'{\"aro_id\":\"1\",\"aro_ref_id\":\"46\",\"perms\":{\"_read\":1,\"_write\":1,\"_manage\":0}}','2011-04-21 12:18:16','','',37),(942,1,2,1,2,NULL,'2011-04-21 12:18:33','','',37),(943,1,17,1,17,NULL,'2011-04-21 12:19:14','','',37),(944,1,17,1,17,NULL,'2011-04-21 12:19:24','','',37),(945,1,53,1,53,NULL,'2011-04-21 12:19:28','','',37),(946,1,17,1,17,NULL,'2011-04-21 12:19:33','','',37),(947,1,53,1,53,NULL,'2011-04-21 12:19:42','','',37),(948,2,53,2,94,NULL,'2011-04-21 12:20:07','','',37),(949,2,53,2,94,NULL,'2011-04-21 12:20:09','','',37),(950,1,53,1,53,NULL,'2011-04-21 12:21:28','','',37),(951,1,17,1,17,NULL,'2011-04-21 12:21:34','','',37),(952,1,14,1,14,NULL,'2011-04-21 12:21:37','','',37),(953,1,4,1,4,NULL,'2011-04-21 12:21:40','','',37),(954,1,3,1,3,NULL,'2011-04-21 12:21:43','','',37),(955,1,2,1,2,NULL,'2011-04-21 12:21:45','','',37),(956,10,27,1,27,NULL,'2011-04-21 12:22:00','','',37),(957,1,54,1,54,NULL,'2011-04-21 12:22:08','','',37),(958,2,54,2,91,NULL,'2011-04-21 12:22:16','','',37),(959,2,14,2,35,NULL,'2011-04-21 12:22:40','','',37),(960,2,14,2,34,NULL,'2011-04-21 12:22:41','','',37),(961,10,11,1,11,NULL,'2011-04-21 12:23:23','','',37),(962,9,61,1,61,NULL,'2011-04-25 05:06:10','','',37),(963,10,11,1,11,NULL,'2011-04-25 05:06:37','','',37),(964,1,11,1,11,NULL,'2011-04-25 05:06:58','','',37),(965,1,1,1,1,NULL,'2011-04-25 05:11:59','','',37),(966,1,2,1,2,NULL,'2011-04-25 05:12:33','','',37),(967,1,3,1,3,NULL,'2011-04-25 05:12:56','','',37),(968,1,4,1,4,NULL,'2011-04-25 05:12:59','','',37),(969,1,2,1,2,NULL,'2011-04-25 05:13:02','','',37),(970,2,2,2,87,NULL,'2011-04-25 05:13:56','','',37),(971,2,2,2,87,NULL,'2011-04-25 05:14:40','','',37),(972,2,11,2,96,NULL,'2011-04-25 05:16:09','','',37),(973,2,2,2,87,NULL,'2011-04-25 05:16:25','','',37),(974,10,11,1,11,NULL,'2011-04-25 05:16:34','','',37),(975,1,11,1,11,NULL,'2011-04-25 05:16:40','','',37),(976,2,11,2,96,NULL,'2011-04-25 05:16:42','','',37),(977,10,1,1,1,NULL,'2011-04-25 05:16:55','','',37),(978,1,1,1,1,NULL,'2011-04-25 05:17:00','','',37),(979,2,1,2,88,NULL,'2011-04-25 05:17:02','','',37),(980,10,1,1,1,NULL,'2011-04-25 05:17:43','','',37),(981,1,1,1,1,NULL,'2011-04-25 05:17:47','','',37),(982,1,2,1,2,NULL,'2011-04-25 05:17:53','','',37),(983,2,2,2,87,NULL,'2011-04-25 05:17:57','','',37),(984,1,2,1,2,NULL,'2011-04-25 05:18:14','','',37),(985,2,2,2,87,NULL,'2011-04-25 05:18:17','','',37),(986,2,2,2,100,NULL,'2011-04-25 05:18:31','','',37),(987,2,2,2,90,NULL,'2011-04-25 05:18:43','','',37),(988,2,2,2,100,NULL,'2011-04-25 05:18:53','','',37),(989,1,1,1,1,NULL,'2011-04-25 05:19:19','','',37),(990,1,17,1,17,NULL,'2011-04-25 05:19:36','','',37),(991,1,53,1,53,NULL,'2011-04-25 05:19:40','','',37),(992,2,53,2,94,NULL,'2011-04-25 05:19:45','','',37),(993,2,53,2,95,NULL,'2011-04-25 05:19:57','','',37),(994,1,3,1,3,NULL,'2011-04-25 05:20:09','','',37),(995,1,4,1,4,NULL,'2011-04-25 05:20:12','','',37),(996,1,14,1,14,NULL,'2011-04-25 05:20:15','','',37),(997,1,14,1,14,NULL,'2011-04-25 05:21:32','','',37),(998,1,14,1,14,NULL,'2011-04-25 05:22:08','','',37),(999,2,14,2,35,NULL,'2011-04-25 05:22:21','','',37),(1000,1,2,1,2,NULL,'2011-04-25 05:22:38','','',37),(1001,1,2,1,2,NULL,'2011-04-25 05:24:45','','',37),(1002,1,3,1,3,NULL,'2011-04-25 05:25:05','','',37),(1003,10,11,1,11,NULL,'2011-04-25 05:27:54','','',37),(1004,1,11,1,11,NULL,'2011-04-25 05:28:36','','',37),(1005,1,12,1,12,NULL,'2011-04-25 05:28:44','','',37),(1006,1,57,1,57,NULL,'2011-04-25 05:28:47','','',37),(1007,1,58,1,58,NULL,'2011-04-25 05:28:49','','',37),(1008,1,11,1,11,NULL,'2011-04-25 05:28:50','','',37),(1009,10,1,1,1,NULL,'2011-04-25 05:28:58','','',37),(1010,1,1,1,1,NULL,'2011-04-25 05:29:05','','',37),(1011,1,3,1,3,NULL,'2011-04-25 05:29:16','','',37),(1012,1,3,1,3,NULL,'2011-04-25 05:29:23','','',37),(1013,1,4,1,4,NULL,'2011-04-25 05:29:25','','',37),(1014,1,3,1,3,NULL,'2011-04-25 05:29:28','','',37),(1015,1,2,1,2,NULL,'2011-04-25 05:29:29','','',37),(1016,1,1,1,1,NULL,'2011-04-25 05:29:29','','',37),(1017,1,2,1,2,NULL,'2011-04-25 05:29:55','','',37),(1018,1,3,1,3,NULL,'2011-04-25 05:30:28','','',37),(1019,1,4,1,4,NULL,'2011-04-25 05:30:31','','',37),(1020,1,1,1,1,NULL,'2011-04-25 05:30:33','','',37),(1021,2,1,2,89,NULL,'2011-04-25 05:30:36','','',37),(1022,2,1,2,89,NULL,'2011-04-25 05:30:50','','',37),(1023,1,1,1,1,NULL,'2011-04-25 05:31:46','','',37),(1024,2,1,2,88,NULL,'2011-04-25 05:31:53','','',37),(1025,10,11,1,11,NULL,'2011-04-25 05:32:19','','',37),(1026,1,11,1,11,NULL,'2011-04-25 05:32:24','','',37),(1027,2,11,2,96,NULL,'2011-04-25 05:32:26','','',37),(1028,10,1,1,1,NULL,'2011-04-25 05:32:48','','',37),(1029,1,3,1,3,NULL,'2011-04-25 05:32:52','','',37),(1030,1,3,1,3,NULL,'2011-04-25 05:33:24','','',37),(1031,10,11,1,11,NULL,'2011-04-25 05:33:27','','',37),(1032,1,11,1,11,NULL,'2011-04-25 05:33:31','','',37),(1033,2,11,2,96,NULL,'2011-04-25 05:33:35','','',37),(1034,10,1,1,1,NULL,'2011-04-25 05:33:51','','',37),(1035,1,1,1,1,NULL,'2011-04-25 05:33:55','','',37),(1036,2,1,2,88,NULL,'2011-04-25 05:33:57','','',37),(1037,10,27,1,27,NULL,'2011-04-25 05:34:17','','',37),(1038,1,27,1,27,NULL,'2011-04-25 05:34:21','','',37),(1039,1,27,1,27,NULL,'2011-04-25 05:34:25','','',37),(1040,10,48,1,48,NULL,'2011-04-25 05:34:28','','',37),(1041,1,48,1,48,NULL,'2011-04-25 05:34:32','','',37),(1042,10,49,1,49,NULL,'2011-04-25 05:34:39','','',37),(1043,1,49,1,49,NULL,'2011-04-25 05:34:44','','',37),(1044,10,61,1,61,NULL,'2011-04-25 05:34:49','','',37),(1045,1,61,1,61,NULL,'2011-04-25 05:34:56','','',37),(1046,20,61,2,101,NULL,'2011-04-25 05:35:20','','',37),(1047,2,61,2,101,NULL,'2011-04-25 05:35:30','','',37),(1048,1,61,1,61,NULL,'2011-04-25 05:35:58','','',37),(1049,10,1,1,1,NULL,'2011-04-25 05:36:59','','',37),(1050,10,61,1,61,NULL,'2011-04-25 05:37:43','','',37),(1051,1,61,1,61,NULL,'2011-04-25 05:37:59','','',37),(1052,2,61,2,101,NULL,'2011-04-25 05:38:04','','',37),(1053,10,1,1,1,NULL,'2011-04-25 05:38:36','','',37),(1054,1,1,1,1,NULL,'2011-04-25 05:38:41','','',37),(1055,10,11,1,11,NULL,'2011-04-25 05:38:54','','',37),(1056,1,11,1,11,NULL,'2011-04-25 05:38:58','','',37),(1057,20,11,2,102,NULL,'2011-04-25 05:41:36','','',37),(1058,22,NULL,2,102,NULL,'2011-04-25 05:41:49','','',37),(1059,20,11,2,103,NULL,'2011-04-25 05:41:59','','',37),(1060,21,11,2,103,NULL,'2011-04-25 05:42:08','','',37),(1061,2,11,2,103,NULL,'2011-04-25 05:42:22','','',37),(1062,21,11,2,103,NULL,'2011-04-25 05:42:36','','',37),(1063,22,NULL,2,103,NULL,'2011-04-25 05:43:15','','',37),(1064,1,12,1,12,NULL,'2011-04-25 05:43:18','','',37),(1065,20,12,2,104,NULL,'2011-04-25 05:43:33','','',37),(1066,1,57,1,57,NULL,'2011-04-25 05:43:39','','',37),(1067,20,57,2,105,NULL,'2011-04-25 05:43:57','','',37),(1068,1,58,1,58,NULL,'2011-04-25 05:43:59','','',37),(1069,20,58,2,106,NULL,'2011-04-25 05:44:17','','',37),(1070,1,12,1,12,NULL,'2011-04-25 05:44:23','','',37),(1071,20,12,2,107,NULL,'2011-04-25 05:44:36','','',37),(1072,1,57,1,57,NULL,'2011-04-25 05:44:38','','',37),(1073,1,12,1,12,NULL,'2011-04-25 05:44:42','','',37),(1074,1,57,1,57,NULL,'2011-04-25 05:44:46','','',37),(1075,20,57,2,108,NULL,'2011-04-25 05:45:01','','',37),(1076,1,58,1,58,NULL,'2011-04-25 05:45:06','','',37),(1077,1,12,1,12,NULL,'2011-04-25 05:45:10','','',37),(1078,41,12,1,12,'{\"id\":\"77\",\"aro_id\":\"2\",\"aro_ref_id\":\"39\",\"perms\":{\"_read\":0,\"_write\":0,\"_manage\":0}}','2011-04-25 05:45:33','','',37),(1079,41,12,1,12,'{\"id\":\"78\",\"aro_id\":\"2\",\"aro_ref_id\":\"17\",\"perms\":{\"_read\":0,\"_write\":0,\"_manage\":0}}','2011-04-25 05:45:39','','',37),(1080,40,12,1,12,'{\"aro_id\":\"1\",\"aro_ref_id\":\"44\",\"perms\":{\"_read\":1,\"_write\":1,\"_manage\":0}}','2011-04-25 05:46:39','','',37),(1081,41,12,1,12,'{\"id\":\"88\",\"aro_id\":\"1\",\"aro_ref_id\":\"44\",\"perms\":{\"_read\":0,\"_write\":0,\"_manage\":0}}','2011-04-25 05:46:49','','',37),(1082,40,12,1,12,'{\"aro_id\":\"1\",\"aro_ref_id\":\"45\",\"perms\":{\"_read\":1,\"_write\":1,\"_manage\":0}}','2011-04-25 05:46:54','','',37),(1083,1,57,1,57,NULL,'2011-04-25 05:47:24','','',37),(1084,1,11,1,11,NULL,'2011-04-25 05:47:34','','',37),(1085,1,11,1,11,NULL,'2011-04-25 05:47:56','','',37),(1086,1,12,1,12,NULL,'2011-04-25 05:48:00','','',37),(1087,10,27,1,27,NULL,'2011-04-25 05:48:24','','',37),(1088,10,61,1,61,NULL,'2011-04-25 05:48:28','','',37),(1089,1,61,1,61,NULL,'2011-04-25 05:48:32','','',37),(1090,1,61,1,61,NULL,'2011-04-25 05:49:09','','',37),(1091,10,11,1,11,NULL,'2011-04-25 05:49:16','','',37),(1092,1,11,1,11,NULL,'2011-04-25 05:49:20','','',37),(1093,1,12,1,12,NULL,'2011-04-25 05:50:00','','',37),(1094,1,12,1,12,NULL,'2011-04-25 05:51:05','','',37),(1095,1,57,1,57,NULL,'2011-04-25 05:51:30','','',37),(1096,1,58,1,58,NULL,'2011-04-25 05:51:36','','',37),(1097,1,12,1,12,NULL,'2011-04-25 05:51:45','','',37),(1098,1,57,1,57,NULL,'2011-04-25 05:51:48','','',37),(1099,1,58,1,58,NULL,'2011-04-25 05:51:50','','',37),(1100,40,58,1,58,'{\"aro_id\":\"2\",\"aro_ref_id\":\"39\",\"perms\":{\"_read\":1,\"_write\":1,\"_manage\":1}}','2011-04-25 05:52:15','','',37),(1101,1,57,1,57,NULL,'2011-04-25 05:52:24','','',37),(1102,41,57,1,57,'{\"id\":\"79\",\"aro_id\":\"2\",\"aro_ref_id\":\"9\",\"perms\":{\"_read\":0,\"_write\":0,\"_manage\":0}}','2011-04-25 05:52:45','','',37),(1103,1,12,1,12,NULL,'2011-04-25 05:52:50','','',37),(1104,1,12,1,12,NULL,'2011-04-25 05:53:09','','',37),(1105,41,12,1,12,'{\"id\":\"88\",\"aro_id\":\"1\",\"aro_ref_id\":\"44\",\"perms\":{\"_read\":1,\"_write\":1,\"_manage\":1}}','2011-04-25 05:53:31','','',37),(1106,41,12,1,12,'{\"id\":\"88\",\"aro_id\":\"1\",\"aro_ref_id\":\"44\",\"perms\":{\"_read\":0,\"_write\":0,\"_manage\":0}}','2011-04-25 05:53:38','','',37),(1107,1,12,1,12,NULL,'2011-04-25 05:54:00','','',38),(1108,1,12,1,12,NULL,'2011-04-25 05:54:10','','',38),(1109,1,57,1,57,NULL,'2011-04-25 05:54:31','','',38),(1110,1,12,1,12,NULL,'2011-04-25 05:54:43','','',38),(1111,1,57,1,57,NULL,'2011-04-25 05:55:04','','',38),(1112,1,57,1,57,NULL,'2011-04-25 05:55:25','','',39),(1113,1,58,1,58,NULL,'2011-04-25 05:55:28','','',39),(1114,1,57,1,57,NULL,'2011-04-25 05:55:32','','',39),(1115,1,58,1,58,NULL,'2011-04-25 06:11:18','','',39),(1116,1,57,1,57,NULL,'2011-04-25 06:11:22','','',39),(1117,1,58,1,58,NULL,'2011-04-25 06:11:43','','',39),(1118,1,57,1,57,NULL,'2011-04-25 06:12:00','','',39),(1119,1,1,1,1,NULL,'2011-04-25 06:12:27','','',37),(1120,1,1,1,1,NULL,'2011-04-25 06:16:37','','',37),(1121,9,62,1,62,NULL,'2011-04-25 06:16:54','','',37),(1122,10,62,1,62,NULL,'2011-04-25 06:16:59','','',37),(1123,1,1,1,1,NULL,'2011-04-25 06:18:23','','',37),(1124,9,63,1,63,NULL,'2011-04-25 06:18:39','','',37),(1125,9,64,1,64,NULL,'2011-04-25 06:18:50','','',37),(1126,9,65,1,65,NULL,'2011-04-25 06:18:53','','',37),(1127,2,1,2,88,NULL,'2011-04-25 06:19:30','','',37),(1128,10,11,1,11,NULL,'2011-04-25 06:19:45','','',37),(1129,1,11,1,11,NULL,'2011-04-25 06:19:49','','',37),(1130,2,11,2,96,NULL,'2011-04-25 06:19:51','','',37),(1131,1,11,1,11,NULL,'2011-04-25 06:20:30','','',37),(1132,10,11,1,11,NULL,'2011-04-25 06:22:22','','',37),(1133,1,11,1,11,NULL,'2011-04-25 06:22:28','','',37),(1134,1,12,1,12,NULL,'2011-04-25 06:22:32','','',37),(1135,1,57,1,57,NULL,'2011-04-25 06:22:35','','',37),(1136,1,58,1,58,NULL,'2011-04-25 06:22:37','','',37),(1137,10,1,1,1,NULL,'2011-04-25 06:22:41','','',37),(1138,1,1,1,1,NULL,'2011-04-25 06:22:49','','',37),(1139,40,1,1,1,'{\"aro_id\":\"2\",\"aro_ref_id\":\"8\",\"perms\":{\"_read\":0,\"_write\":0,\"_manage\":0}}','2011-04-25 06:23:02','','',37),(1140,1,1,1,1,NULL,'2011-04-25 06:23:35','','',37),(1141,2,1,2,88,NULL,'2011-04-25 06:23:38','','',37),(1142,1,3,1,3,NULL,'2011-04-25 06:23:57','','',37),(1143,1,2,1,2,NULL,'2011-04-25 06:24:00','','',37),(1144,1,4,1,4,NULL,'2011-04-25 06:24:03','','',37),(1145,1,4,1,4,NULL,'2011-04-25 06:24:31','','',37),(1146,1,2,1,2,NULL,'2011-04-25 06:25:00','','',37),(1147,40,2,1,2,'{\"aro_id\":\"2\",\"aro_ref_id\":\"17\",\"perms\":{\"_read\":1,\"_write\":1,\"_manage\":1}}','2011-04-25 06:25:17','','',37),(1148,41,NULL,NULL,NULL,'{\"id\":\"92\"}','2011-04-25 06:25:33','','',37),(1149,40,2,1,2,'{\"aro_id\":\"2\",\"aro_ref_id\":\"9\",\"perms\":{\"_read\":1,\"_write\":1,\"_manage\":1}}','2011-04-25 06:25:52','','',37),(1150,1,2,1,2,NULL,'2011-04-25 06:26:20','','',37),(1151,1,3,1,3,NULL,'2011-04-25 06:26:48','','',38),(1152,10,11,1,11,NULL,'2011-04-25 06:27:00','','',38),(1153,1,12,1,12,NULL,'2011-04-25 06:27:07','','',38),(1154,1,57,1,57,NULL,'2011-04-25 06:27:31','','',38),(1155,1,57,1,57,NULL,'2011-04-25 06:27:42','','',38),(1156,1,12,1,12,NULL,'2011-04-25 06:27:49','','',38),(1157,1,12,1,12,NULL,'2011-04-25 06:28:20','','',38),(1158,1,11,1,11,NULL,'2011-04-25 06:29:50','','',37),(1159,1,57,1,57,NULL,'2011-04-25 06:30:01','','',39),(1160,1,58,1,58,NULL,'2011-04-25 06:30:09','','',39),(1161,1,57,1,57,NULL,'2011-04-25 06:30:19','','',39),(1162,1,58,1,58,NULL,'2011-04-25 06:31:03','','',39),(1163,1,57,1,57,NULL,'2011-04-25 06:31:13','','',39),(1164,41,NULL,NULL,NULL,'{\"id\":\"82\"}','2011-04-25 06:31:34','','',39),(1165,1,58,1,58,NULL,'2011-04-25 06:31:41','','',39),(1166,1,58,1,58,NULL,'2011-04-25 06:32:03','','',39),(1167,1,58,1,58,NULL,'2011-04-25 06:32:54','','',39),(1168,1,58,1,58,NULL,'2011-04-25 06:34:57','','',39),(1169,1,58,1,58,NULL,'2011-04-25 06:36:29','','',39),(1170,20,58,2,109,NULL,'2011-04-25 06:36:41','','',39),(1171,21,58,2,109,NULL,'2011-04-25 06:36:53','','',39),(1172,21,58,2,109,NULL,'2011-04-25 06:37:03','','',39),(1173,1,12,1,12,NULL,'2011-04-25 06:37:36','','',38),(1174,1,57,1,57,NULL,'2011-04-25 06:37:39','','',38),(1175,1,12,1,12,NULL,'2011-04-25 06:37:43','','',38),(1176,20,12,2,110,NULL,'2011-04-25 06:38:01','','',38),(1177,1,12,1,12,NULL,'2011-04-25 06:38:14','','',38),(1178,21,12,2,110,NULL,'2011-04-25 06:39:34','','',38),(1179,21,12,2,110,NULL,'2011-04-25 06:39:41','','',38),(1180,21,12,2,110,NULL,'2011-04-25 06:39:47','','',38),(1181,21,12,2,107,NULL,'2011-04-25 06:39:51','','',38),(1182,1,57,1,57,NULL,'2011-04-25 06:39:55','','',38),(1183,1,12,1,12,NULL,'2011-04-25 06:39:57','','',38),(1184,21,12,2,104,NULL,'2011-04-25 06:40:04','','',38),(1185,1,57,1,57,NULL,'2011-04-25 06:40:08','','',38),(1186,1,12,1,12,NULL,'2011-04-25 06:40:09','','',38),(1187,1,57,1,57,NULL,'2011-04-25 06:40:12','','',38),(1188,21,57,2,108,NULL,'2011-04-25 06:40:21','','',38),(1189,1,57,1,57,NULL,'2011-04-25 06:40:29','','',38),(1190,1,12,1,12,NULL,'2011-04-25 06:40:41','','',38),(1191,20,12,2,111,NULL,'2011-04-25 06:40:58','','',38),(1192,1,57,1,57,NULL,'2011-04-25 06:41:00','','',38),(1193,21,57,2,105,NULL,'2011-04-25 06:41:05','','',38),(1194,1,57,1,57,NULL,'2011-04-25 06:41:17','','',38),(1195,1,57,1,57,NULL,'2011-04-25 06:41:20','','',38),(1196,20,57,2,112,NULL,'2011-04-25 06:41:37','','',38),(1197,1,12,1,12,NULL,'2011-04-25 06:41:40','','',38),(1198,1,57,1,57,NULL,'2011-04-25 06:44:02','','',38),(1199,1,12,1,12,NULL,'2011-04-25 06:44:07','','',38),(1200,1,57,1,57,NULL,'2011-04-25 06:44:13','','',38),(1201,1,12,1,12,NULL,'2011-04-25 06:44:53','','',38),(1202,1,12,1,12,NULL,'2011-04-25 06:45:14','','',38),(1203,1,57,1,57,NULL,'2011-04-25 06:45:21','','',38),(1204,1,12,1,12,NULL,'2011-04-25 06:45:35','','',38),(1205,1,57,1,57,NULL,'2011-04-25 06:45:46','','',38),(1206,1,12,1,12,NULL,'2011-04-25 06:45:58','','',38),(1207,2,57,2,112,NULL,'2011-04-25 06:52:44','','',38),(1208,1,57,1,57,NULL,'2011-04-25 07:05:28','','',38),(1209,1,57,1,57,NULL,'2011-04-25 07:14:41','','',38),(1210,1,12,1,12,NULL,'2011-04-25 07:15:10','','',38),(1211,1,12,1,12,NULL,'2011-04-25 07:16:33','','',38),(1212,2,57,2,112,NULL,'2011-04-25 07:16:42','','',38),(1213,1,12,1,12,NULL,'2011-04-25 07:27:57','','',38),(1214,1,57,1,57,NULL,'2011-04-25 07:28:03','','',38),(1215,1,12,1,12,NULL,'2011-04-25 07:28:05','','',38),(1216,1,57,1,57,NULL,'2011-04-25 07:28:18','','',38),(1217,1,12,1,12,NULL,'2011-04-25 07:28:25','','',38),(1218,1,57,1,57,NULL,'2011-04-25 07:28:43','','',38),(1219,1,12,1,12,NULL,'2011-04-25 07:28:51','','',38),(1220,1,12,1,12,NULL,'2011-04-25 07:29:44','','',38),(1221,1,57,1,57,NULL,'2011-04-25 07:29:46','','',38),(1222,1,57,1,57,NULL,'2011-04-25 07:31:17','','',38),(1223,1,12,1,12,NULL,'2011-04-25 07:31:22','','',38),(1224,1,12,1,12,NULL,'2011-04-25 07:31:57','','',38),(1225,1,57,1,57,NULL,'2011-04-25 07:31:59','','',38),(1226,1,12,1,12,NULL,'2011-04-25 07:32:05','','',38),(1227,1,57,1,57,NULL,'2011-04-25 07:32:07','','',38),(1228,1,57,1,57,NULL,'2011-04-25 07:32:23','','',37),(1229,1,12,1,12,NULL,'2011-04-25 07:32:38','','',37),(1230,1,57,1,57,NULL,'2011-04-25 07:32:43','','',37),(1231,1,58,1,58,NULL,'2011-04-25 07:32:45','','',37),(1232,1,58,1,58,NULL,'2011-04-25 07:33:00','','',37),(1233,1,12,1,12,NULL,'2011-04-25 07:33:04','','',37),(1234,1,57,1,57,NULL,'2011-04-25 07:33:07','','',37),(1235,1,58,1,58,NULL,'2011-04-25 07:34:50','','',37),(1236,1,57,1,57,NULL,'2011-04-25 07:34:53','','',37),(1237,23,57,2,105,NULL,'2011-04-25 07:35:06','','',37),(1238,1,57,1,57,NULL,'2011-04-25 07:35:09','','',37),(1239,1,12,1,12,NULL,'2011-04-25 07:35:10','','',37),(1240,23,12,2,104,NULL,'2011-04-25 07:35:16','','',37),(1241,1,11,1,11,NULL,'2011-04-25 08:56:34','','',37),(1242,2,11,2,96,NULL,'2011-04-25 08:57:11','','',37),(1243,1,12,1,12,NULL,'2011-04-25 08:57:28','','',37),(1244,10,11,1,11,NULL,'2011-04-25 09:07:16','','',37),(1245,1,12,1,12,NULL,'2011-04-25 09:07:27','','',37),(1246,1,57,1,57,NULL,'2011-04-25 09:07:37','','',37),(1247,1,58,1,58,NULL,'2011-04-25 09:07:42','','',37),(1248,22,NULL,2,106,NULL,'2011-04-25 09:08:12','','',37),(1249,22,NULL,2,109,NULL,'2011-04-25 09:08:16','','',37),(1250,1,57,1,57,NULL,'2011-04-25 09:08:18','','',37),(1251,22,NULL,2,105,NULL,'2011-04-25 09:08:23','','',37),(1252,22,NULL,2,112,NULL,'2011-04-25 09:08:24','','',37),(1253,22,NULL,2,108,NULL,'2011-04-25 09:08:28','','',37),(1254,1,12,1,12,NULL,'2011-04-25 09:08:29','','',37),(1255,22,NULL,2,104,NULL,'2011-04-25 09:08:34','','',37),(1256,22,NULL,2,110,NULL,'2011-04-25 09:08:38','','',37),(1257,22,NULL,2,111,NULL,'2011-04-25 09:08:45','','',37),(1258,22,NULL,2,107,NULL,'2011-04-25 09:08:48','','',37),(1259,1,57,1,57,NULL,'2011-04-25 09:08:52','','',37),(1260,1,58,1,58,NULL,'2011-04-25 09:08:52','','',37),(1261,1,12,1,12,NULL,'2011-04-25 09:08:55','','',37),(1262,1,12,1,12,NULL,'2011-04-25 09:08:56','','',37),(1263,1,12,1,12,NULL,'2011-04-25 09:09:01','','',37),(1264,1,57,1,57,NULL,'2011-04-25 09:09:01','','',37),(1265,1,58,1,58,NULL,'2011-04-25 09:09:02','','',37),(1266,1,12,1,12,NULL,'2011-04-25 09:09:03','','',37),(1267,1,57,1,57,NULL,'2011-04-25 09:09:14','','',37),(1268,1,58,1,58,NULL,'2011-04-25 09:09:15','','',37),(1269,1,12,1,12,NULL,'2011-04-25 09:09:15','','',37),(1270,1,57,1,57,NULL,'2011-04-25 09:09:30','','',37),(1271,1,58,1,58,NULL,'2011-04-25 09:09:32','','',37),(1272,1,12,1,12,NULL,'2011-04-25 09:09:34','','',37),(1273,1,57,1,57,NULL,'2011-04-25 09:09:57','','',37),(1274,1,58,1,58,NULL,'2011-04-25 09:10:00','','',37),(1275,1,12,1,12,NULL,'2011-04-25 09:10:02','','',37),(1276,1,12,1,12,NULL,'2011-04-25 09:12:29','','',37),(1277,1,58,1,58,NULL,'2011-04-25 09:12:33','','',37),(1278,1,57,1,57,NULL,'2011-04-25 09:12:35','','',37),(1279,41,NULL,NULL,NULL,'{\"id\":\"79\"}','2011-04-25 09:12:43','','',37),(1280,41,NULL,NULL,NULL,'{\"id\":\"80\"}','2011-04-25 09:12:46','','',37),(1281,41,NULL,NULL,NULL,'{\"id\":\"81\"}','2011-04-25 09:12:48','','',37),(1282,1,58,1,58,NULL,'2011-04-25 09:12:51','','',37),(1283,41,NULL,NULL,NULL,'{\"id\":\"90\"}','2011-04-25 09:12:55','','',37),(1284,1,12,1,12,NULL,'2011-04-25 09:12:58','','',37),(1285,41,NULL,NULL,NULL,'{\"id\":\"88\"}','2011-04-25 09:13:01','','',37),(1286,41,NULL,NULL,NULL,'{\"id\":\"89\"}','2011-04-25 09:13:03','','',37),(1287,41,NULL,NULL,NULL,'{\"id\":\"78\"}','2011-04-25 09:13:05','','',37),(1288,41,NULL,NULL,NULL,'{\"id\":\"77\"}','2011-04-25 09:13:06','','',37),(1289,41,NULL,NULL,NULL,'{\"id\":\"76\"}','2011-04-25 09:13:08','','',37),(1290,20,12,2,113,NULL,'2011-04-25 09:13:24','','',37),(1291,40,12,1,12,'{\"aro_id\":\"2\",\"aro_ref_id\":\"9\",\"perms\":{\"_read\":1,\"_write\":1,\"_manage\":0}}','2011-04-25 09:14:26','','',37),(1292,1,12,1,12,NULL,'2011-04-25 09:15:16','','',37),(1293,1,12,1,12,NULL,'2011-04-25 09:15:40','','',9),(1294,1,12,1,12,NULL,'2011-04-25 09:17:28','','',37),(1295,1,12,1,12,NULL,'2011-04-25 09:17:41','','',37),(1296,1,57,1,57,NULL,'2011-04-25 09:18:07','','',37),(1297,1,58,1,58,NULL,'2011-04-25 09:18:09','','',37),(1298,1,12,1,12,NULL,'2011-04-25 09:18:11','','',37),(1299,1,12,1,12,NULL,'2011-04-25 09:22:37','','',37),(1300,1,12,1,12,NULL,'2011-04-25 09:30:57','','',37),(1301,1,12,1,12,NULL,'2011-04-25 09:31:10','','',37),(1302,1,57,1,57,NULL,'2011-04-25 09:34:34','','',37),(1303,20,57,2,114,NULL,'2011-04-25 09:34:49','','',37),(1304,1,58,1,58,NULL,'2011-04-25 09:34:54','','',37),(1305,20,58,2,115,NULL,'2011-04-25 09:35:07','','',37),(1306,1,57,1,57,NULL,'2011-04-25 09:35:11','','',37),(1307,1,12,1,12,NULL,'2011-04-25 09:35:14','','',37),(1308,1,57,1,57,NULL,'2011-04-25 09:35:16','','',37),(1309,1,58,1,58,NULL,'2011-04-25 09:35:18','','',37),(1310,1,12,1,12,NULL,'2011-04-25 09:35:26','','',37),(1311,1,57,1,57,NULL,'2011-04-25 09:36:16','','',37),(1312,1,12,1,12,NULL,'2011-04-25 09:36:20','','',37),(1313,1,58,1,58,NULL,'2011-04-25 09:36:30','','',37),(1314,1,12,1,12,NULL,'2011-04-25 09:36:42','','',37),(1315,1,57,1,57,NULL,'2011-04-25 09:36:52','','',37),(1316,1,57,1,57,NULL,'2011-04-25 09:37:00','','',37),(1317,1,12,1,12,NULL,'2011-04-25 09:37:03','','',37),(1318,1,12,1,12,NULL,'2011-04-25 09:47:47','','',37),(1319,2,NULL,2,NULL,NULL,'2011-04-25 09:58:09','','',37),(1320,1,12,1,12,NULL,'2011-04-25 10:04:25','','',37),(1321,1,12,1,12,NULL,'2011-04-25 10:07:41','','',37),(1322,1,57,1,57,NULL,'2011-04-25 10:08:42','','',37),(1323,2,57,2,114,NULL,'2011-04-25 10:09:01','','',37),(1324,1,12,1,12,NULL,'2011-04-25 10:09:13','','',37),(1325,2,57,2,114,NULL,'2011-04-25 10:09:16','','',37),(1326,1,58,1,58,NULL,'2011-04-25 10:09:27','','',37),(1327,2,58,2,115,NULL,'2011-04-25 10:09:29','','',37),(1328,1,12,1,12,NULL,'2011-04-25 10:11:16','','',37),(1329,40,12,1,12,'{\"aro_id\":\"2\",\"aro_ref_id\":\"38\",\"perms\":{\"_read\":1,\"_write\":1,\"_manage\":1}}','2011-04-25 10:11:37','','',37),(1330,1,58,1,58,NULL,'2011-04-25 10:11:52','','',37),(1331,40,58,1,58,'{\"aro_id\":\"2\",\"aro_ref_id\":\"38\",\"perms\":{\"_read\":1,\"_write\":1,\"_manage\":1}}','2011-04-25 10:12:01','','',37),(1332,1,12,1,12,NULL,'2011-04-25 10:18:55','','',37),(1333,10,48,1,48,NULL,'2011-04-25 10:32:10','','',37),(1334,1,48,1,48,NULL,'2011-04-25 10:32:24','','',37),(1335,1,48,1,48,NULL,'2011-04-25 10:35:16','','',37),(1336,20,48,2,116,NULL,'2011-04-25 10:35:41','','',37),(1337,1,48,1,48,NULL,'2011-04-25 10:35:46','','',37),(1338,1,12,1,12,NULL,'2011-04-25 10:36:07','','',37),(1339,10,48,1,48,NULL,'2011-04-25 10:36:12','','',37),(1340,1,48,1,48,NULL,'2011-04-25 10:36:17','','',37),(1341,10,1,1,1,NULL,'2011-04-25 10:37:47','','',38),(1342,10,11,1,11,NULL,'2011-04-25 10:56:48','','',38),(1343,1,12,1,12,NULL,'2011-04-25 10:58:02','','',37),(1344,1,58,1,58,NULL,'2011-04-25 10:58:15','','',37),(1345,2,58,2,115,NULL,'2011-04-25 11:04:21','','',37),(1346,1,1,1,1,NULL,'2011-04-25 11:04:53','','',37),(1347,1,58,1,58,NULL,'2011-04-25 11:06:08','','',37),(1348,1,57,1,57,NULL,'2011-04-25 11:06:09','','',37),(1349,1,12,1,12,NULL,'2011-04-25 11:06:15','','',37),(1350,1,1,1,1,NULL,'2011-04-25 11:09:00','','',37),(1351,1,2,1,2,NULL,'2011-04-25 11:09:09','','',37),(1352,1,3,1,3,NULL,'2011-04-25 11:09:13','','',37),(1353,1,4,1,4,NULL,'2011-04-25 11:09:16','','',37),(1354,1,1,1,1,NULL,'2011-04-25 11:09:20','','',37),(1355,1,3,1,3,NULL,'2011-04-25 11:09:27','','',37),(1356,1,4,1,4,NULL,'2011-04-25 11:09:40','','',37),(1357,1,3,1,3,NULL,'2011-04-25 11:10:07','','',37),(1358,1,2,1,2,NULL,'2011-04-25 11:10:11','','',37),(1359,22,NULL,2,100,NULL,'2011-04-25 11:10:38','','',37),(1360,1,3,1,3,NULL,'2011-04-25 11:10:42','','',37),(1361,20,3,2,117,NULL,'2011-04-25 11:10:55','','',37),(1362,2,3,2,117,NULL,'2011-04-25 11:10:59','','',37),(1363,1,4,1,4,NULL,'2011-04-25 11:11:11','','',37),(1364,1,3,1,3,NULL,'2011-04-25 11:11:13','','',37),(1365,1,3,1,3,NULL,'2011-04-25 11:11:44','','',37),(1366,1,4,1,4,NULL,'2011-04-25 11:11:48','','',37),(1367,1,2,1,2,NULL,'2011-04-25 11:11:53','','',37),(1368,1,12,1,12,NULL,'2011-04-25 11:12:15','','',37),(1369,1,12,1,12,NULL,'2011-04-25 11:12:55','','',37),(1370,1,48,1,48,NULL,'2011-04-25 11:23:38','','',37),(1371,1,2,1,2,NULL,'2011-04-25 11:24:05','','',37),(1372,1,4,1,4,NULL,'2011-04-25 11:24:28','','',37),(1373,1,3,1,3,NULL,'2011-04-25 11:24:35','','',37),(1374,1,2,1,2,NULL,'2011-04-25 11:24:40','','',37),(1375,1,57,1,57,NULL,'2011-04-25 11:25:02','','',37),(1376,1,58,1,58,NULL,'2011-04-25 11:25:05','','',37),(1377,1,1,1,1,NULL,'2011-04-25 11:29:00','','',37),(1378,1,1,1,1,NULL,'2011-04-25 11:31:07','','',37),(1379,20,1,2,118,NULL,'2011-04-25 11:31:33','','',37),(1380,21,1,2,118,NULL,'2011-04-25 11:31:44','','',37),(1381,1,1,1,1,NULL,'2011-04-25 11:31:57','','',37),(1382,1,3,1,3,NULL,'2011-04-25 11:32:03','','',37),(1383,1,4,1,4,NULL,'2011-04-25 11:32:07','','',37),(1384,1,3,1,3,NULL,'2011-04-25 11:32:11','','',37),(1385,1,2,1,2,NULL,'2011-04-25 11:32:16','','',37),(1386,1,4,1,4,NULL,'2011-04-25 11:33:00','','',37),(1387,1,3,1,3,NULL,'2011-04-25 11:33:08','','',37),(1388,1,48,1,48,NULL,'2011-04-25 11:33:24','','',37),(1389,1,2,1,2,NULL,'2011-04-25 11:33:28','','',37),(1390,40,2,1,2,'{\"aro_id\":\"2\",\"aro_ref_id\":\"10\",\"perms\":{\"_read\":0,\"_write\":0,\"_manage\":0}}','2011-04-25 11:33:55','','',37),(1391,41,NULL,NULL,NULL,'{\"id\":\"97\"}','2011-04-25 11:33:59','','',37),(1392,20,2,2,119,NULL,'2011-04-25 11:34:48','','',37),(1393,22,NULL,2,119,NULL,'2011-04-25 11:34:57','','',37),(1394,1,3,1,3,NULL,'2011-04-25 11:35:59','','',37),(1395,1,58,1,58,NULL,'2011-04-25 11:37:03','','',37),(1396,1,57,1,57,NULL,'2011-04-25 11:37:37','','',37),(1397,1,12,1,12,NULL,'2011-04-25 11:37:41','','',37),(1398,1,12,1,12,NULL,'2011-04-25 11:37:52','','',37),(1399,1,3,1,3,NULL,'2011-04-25 11:39:34','','',37),(1400,1,3,1,3,NULL,'2011-04-25 11:39:55','','',37),(1401,1,4,1,4,NULL,'2011-04-25 11:40:22','','',37),(1402,1,3,1,3,NULL,'2011-04-25 11:40:32','','',37),(1403,1,2,1,2,NULL,'2011-04-25 11:40:38','','',37),(1404,1,1,1,1,NULL,'2011-04-25 11:40:41','','',37),(1405,1,2,1,2,NULL,'2011-04-25 11:40:52','','',37),(1406,1,3,1,3,NULL,'2011-04-25 11:40:59','','',37),(1407,1,4,1,4,NULL,'2011-04-25 11:41:02','','',37),(1408,1,12,1,12,NULL,'2011-04-25 12:15:26','','',37),(1409,1,5,1,5,NULL,'2011-04-25 17:29:26','','',17),(1410,10,11,1,11,NULL,'2011-04-26 05:11:29','','',37),(1411,1,12,1,12,NULL,'2011-04-26 05:13:04','','',37),(1412,2,12,2,113,NULL,'2011-04-26 05:14:14','','',37),(1413,10,11,1,11,NULL,'2011-04-26 05:14:28','','',37),(1414,1,12,1,12,NULL,'2011-04-26 05:14:53','','',37),(1415,2,12,2,113,NULL,'2011-04-26 05:14:58','','',37),(1416,10,11,1,11,NULL,'2011-04-26 05:15:35','','',37),(1417,1,12,1,12,NULL,'2011-04-26 05:16:09','','',37),(1418,1,57,1,57,NULL,'2011-04-26 05:16:39','','',37),(1419,1,12,1,12,NULL,'2011-04-26 05:16:58','','',37),(1420,2,12,2,113,NULL,'2011-04-26 05:17:01','','',37),(1421,1,12,1,12,NULL,'2011-04-26 05:17:25','','',37),(1422,1,57,1,57,NULL,'2011-04-26 05:17:30','','',37),(1423,1,58,1,58,NULL,'2011-04-26 05:17:35','','',37),(1424,2,58,2,115,NULL,'2011-04-26 05:17:40','','',37),(1425,1,12,1,12,NULL,'2011-04-26 05:18:07','','',37),(1426,1,11,1,11,NULL,'2011-04-26 05:18:11','','',37),(1427,1,12,1,12,NULL,'2011-04-26 05:18:15','','',37),(1428,1,57,1,57,NULL,'2011-04-26 05:18:16','','',37),(1429,1,58,1,58,NULL,'2011-04-26 05:18:18','','',37),(1430,1,12,1,12,NULL,'2011-04-26 05:18:21','','',37),(1431,2,12,2,113,NULL,'2011-04-26 05:18:31','','',37),(1432,1,57,1,57,NULL,'2011-04-26 05:19:03','','',37),(1433,1,58,1,58,NULL,'2011-04-26 05:19:07','','',37),(1434,1,12,1,12,NULL,'2011-04-26 05:19:29','','',37),(1435,1,57,1,57,NULL,'2011-04-26 05:19:31','','',37),(1436,1,57,1,57,NULL,'2011-04-26 05:27:15','','',37),(1437,1,12,1,12,NULL,'2011-04-26 05:28:43','','',37),(1438,1,57,1,57,NULL,'2011-04-26 05:28:54','','',37),(1439,1,58,1,58,NULL,'2011-04-26 05:28:58','','',37),(1440,1,57,1,57,NULL,'2011-04-26 05:29:48','','',37),(1441,1,58,1,58,NULL,'2011-04-26 05:29:53','','',37),(1442,1,58,1,58,NULL,'2011-04-26 05:30:04','','',37),(1443,1,57,1,57,NULL,'2011-04-26 05:30:07','','',37),(1444,1,12,1,12,NULL,'2011-04-26 05:30:10','','',37),(1445,1,57,1,57,NULL,'2011-04-26 05:30:14','','',37),(1446,1,57,1,57,NULL,'2011-04-26 05:30:37','','',37),(1447,1,57,1,57,NULL,'2011-04-26 05:33:04','','',37),(1448,40,57,1,57,'{\"aro_id\":\"2\",\"aro_ref_id\":\"39\",\"perms\":{\"_read\":1,\"_write\":1,\"_manage\":1}}','2011-04-26 05:33:22','','',37),(1449,1,58,1,58,NULL,'2011-04-26 05:33:28','','',37),(1450,40,58,1,58,'{\"aro_id\":\"2\",\"aro_ref_id\":\"39\",\"perms\":{\"_read\":1,\"_write\":1,\"_manage\":1}}','2011-04-26 05:33:38','','',37),(1451,1,58,1,58,NULL,'2011-04-26 05:33:57','','',39),(1452,1,57,1,57,NULL,'2011-04-26 05:34:02','','',39),(1453,1,58,1,58,NULL,'2011-04-26 05:34:04','','',39),(1454,1,57,1,57,NULL,'2011-04-26 05:34:09','','',39),(1455,1,58,1,58,NULL,'2011-04-26 05:34:10','','',39),(1456,1,58,1,58,NULL,'2011-04-26 05:35:56','','',37),(1457,2,58,2,115,NULL,'2011-04-26 05:36:02','','',37),(1458,1,12,1,12,NULL,'2011-04-26 05:37:59','','',37),(1459,1,12,1,12,NULL,'2011-04-26 05:38:45','','',37),(1460,1,57,1,57,NULL,'2011-04-26 05:38:52','','',37),(1461,1,58,1,58,NULL,'2011-04-26 05:38:55','','',37),(1462,1,12,1,12,NULL,'2011-04-26 05:39:00','','',37),(1463,1,58,1,58,NULL,'2011-04-26 05:39:44','','',37),(1464,1,12,1,12,NULL,'2011-04-26 05:39:52','','',37),(1465,1,58,1,58,NULL,'2011-04-26 05:40:02','','',37),(1466,1,57,1,57,NULL,'2011-04-26 05:40:06','','',37),(1467,1,12,1,12,NULL,'2011-04-26 05:40:10','','',37),(1468,1,57,1,57,NULL,'2011-04-26 05:40:14','','',37),(1469,1,58,1,58,NULL,'2011-04-26 05:40:16','','',37),(1470,1,57,1,57,NULL,'2011-04-26 05:40:23','','',37),(1471,1,57,1,57,NULL,'2011-04-26 05:43:25','','',37),(1472,1,2,1,2,NULL,'2011-04-26 05:46:13','','',37),(1473,1,3,1,3,NULL,'2011-04-26 05:46:31','','',37),(1474,1,58,1,58,NULL,'2011-04-26 05:47:38','','',37),(1475,1,57,1,57,NULL,'2011-04-26 05:47:48','','',37),(1476,10,1,1,1,NULL,'2011-04-26 05:47:52','','',37),(1477,1,2,1,2,NULL,'2011-04-26 05:48:07','','',37),(1478,6,53,1,53,'{\"new_parent_id\":\"14\",\"old_parent_id\":\"53\"}','2011-04-26 05:48:27','','',37),(1479,6,46,1,46,'{\"new_parent_id\":\"53\",\"old_parent_id\":\"46\"}','2011-04-26 05:48:36','','',37),(1480,1,46,1,46,NULL,'2011-04-26 05:48:44','','',37),(1481,1,17,1,17,NULL,'2011-04-26 05:48:56','','',37),(1482,1,53,1,53,NULL,'2011-04-26 05:48:59','','',37),(1483,1,8,1,8,NULL,'2011-04-26 05:49:01','','',37),(1484,1,14,1,14,NULL,'2011-04-26 05:49:06','','',37),(1485,1,53,1,53,NULL,'2011-04-26 05:49:14','','',37),(1486,1,46,1,46,NULL,'2011-04-26 05:49:16','','',37),(1487,22,NULL,2,45,NULL,'2011-04-26 05:49:29','','',37),(1488,22,NULL,2,43,NULL,'2011-04-26 05:49:50','','',37),(1489,22,NULL,2,62,NULL,'2011-04-26 05:49:59','','',37),(1490,21,46,2,59,NULL,'2011-04-26 05:51:06','','',37),(1491,1,3,1,3,NULL,'2011-04-26 05:51:31','','',37),(1492,1,5,1,5,NULL,'2011-04-26 05:51:57','','',37),(1493,1,7,1,7,NULL,'2011-04-26 05:51:59','','',37),(1494,1,4,1,4,NULL,'2011-04-26 05:52:01','','',37),(1495,1,14,1,14,NULL,'2011-04-26 05:52:03','','',37),(1496,1,17,1,17,NULL,'2011-04-26 05:52:04','','',37),(1497,1,2,1,2,NULL,'2011-04-26 05:52:08','','',37),(1498,1,2,1,2,NULL,'2011-04-26 05:53:20','','',37),(1499,1,17,1,17,NULL,'2011-04-26 05:53:32','','',37),(1500,1,7,1,7,NULL,'2011-04-26 05:53:40','','',37),(1501,2,46,2,51,NULL,'2011-04-26 05:53:55','','',37),(1502,2,46,2,67,NULL,'2011-04-26 05:55:03','','',37),(1503,1,46,1,46,NULL,'2011-04-26 05:55:49','','',37),(1504,1,5,1,5,NULL,'2011-04-26 05:57:59','','',37),(1505,2,5,2,93,NULL,'2011-04-26 05:58:19','','',37),(1506,1,5,1,5,NULL,'2011-04-26 06:00:07','','',37),(1507,21,5,2,86,NULL,'2011-04-26 06:00:23','','',37),(1508,1,5,1,5,NULL,'2011-04-26 06:00:30','','',37),(1509,1,5,1,5,NULL,'2011-04-26 06:01:42','','',37),(1510,10,11,1,11,NULL,'2011-04-26 06:05:50','','',37),(1511,1,12,1,12,NULL,'2011-04-26 06:06:38','','',37),(1512,1,46,1,46,NULL,'2011-04-26 06:09:49','','',37),(1513,1,46,1,46,NULL,'2011-04-26 06:10:11','','',37),(1514,1,46,1,46,NULL,'2011-04-26 06:11:11','','',37),(1515,1,46,1,46,NULL,'2011-04-26 06:13:23','','',37),(1516,10,11,1,11,NULL,'2011-04-26 06:13:28','','',37),(1517,1,11,1,11,NULL,'2011-04-26 06:13:32','','',37),(1518,1,12,1,12,NULL,'2011-04-26 06:14:54','','',37),(1519,1,12,1,12,NULL,'2011-04-26 06:27:08','','',37),(1520,1,57,1,57,NULL,'2011-04-26 06:31:47','','',39),(1521,1,58,1,58,NULL,'2011-04-26 06:33:29','','',39),(1522,1,57,1,57,NULL,'2011-04-26 06:33:54','','',39),(1523,1,58,1,58,NULL,'2011-04-26 06:34:21','','',39),(1524,1,58,1,58,NULL,'2011-04-26 06:41:35','','',39),(1525,1,58,1,58,NULL,'2011-04-26 06:42:19','','',39),(1526,1,58,1,58,NULL,'2011-04-26 06:59:16','','',39),(1527,1,58,1,58,NULL,'2011-04-26 07:00:26','','',37),(1528,1,58,1,58,NULL,'2011-04-26 07:27:18','','',39),(1529,1,57,1,57,NULL,'2011-04-26 07:27:24','','',39),(1530,1,7,1,7,NULL,'2011-04-26 08:48:58','','',37),(1531,1,3,1,3,NULL,'2011-04-26 08:49:17','','',37),(1532,1,58,1,58,NULL,'2011-04-26 08:54:00','','',39),(1533,1,57,1,57,NULL,'2011-04-26 08:54:04','','',39),(1534,1,57,1,57,NULL,'2011-04-26 08:55:22','','',39),(1535,10,1,1,1,NULL,'2011-04-26 08:55:55','','',39),(1536,1,3,1,3,NULL,'2011-04-26 08:56:14','','',39),(1537,1,4,1,4,NULL,'2011-04-26 08:56:19','','',39),(1538,1,3,1,3,NULL,'2011-04-26 08:57:44','','',39),(1539,1,4,1,4,NULL,'2011-04-26 08:57:45','','',39),(1540,1,4,1,4,NULL,'2011-04-26 09:13:40','','',39),(1541,1,3,1,3,NULL,'2011-04-26 09:19:42','','',39),(1542,1,3,1,3,NULL,'2011-04-26 09:28:53','','',39),(1543,1,4,1,4,NULL,'2011-04-26 09:32:36','','',39),(1544,1,3,1,3,NULL,'2011-04-26 09:32:42','','',39),(1545,1,4,1,4,NULL,'2011-04-26 09:34:03','','',39),(1546,1,3,1,3,NULL,'2011-04-26 09:35:40','','',39),(1547,1,4,1,4,NULL,'2011-04-26 09:39:10','','',39),(1548,1,4,1,4,NULL,'2011-04-26 09:44:54','','',39),(1549,1,4,1,4,NULL,'2011-04-26 10:14:57','','',39),(1550,1,3,1,3,NULL,'2011-04-26 10:15:04','','',39),(1551,1,3,1,3,NULL,'2011-04-27 04:53:23','','',37),(1552,1,2,1,2,NULL,'2011-04-27 04:53:27','','',37),(1553,1,2,1,2,NULL,'2011-04-27 05:02:35','','',37),(1554,4,17,1,17,NULL,'2011-04-27 05:02:42','','',37),(1555,1,2,1,2,NULL,'2011-04-27 07:37:54','','',37),(1556,1,4,1,4,NULL,'2011-04-27 07:37:58','','',37),(1557,1,4,1,4,NULL,'2011-04-27 09:07:33','','',37),(1558,1,14,1,14,NULL,'2011-04-27 09:14:16','','',37),(1559,1,52,1,52,NULL,'2011-04-27 09:14:22','','',37),(1560,10,11,1,11,NULL,'2011-04-27 09:15:17','','',37),(1561,1,11,1,11,NULL,'2011-04-27 09:15:23','','',37),(1562,10,62,1,62,NULL,'2011-04-27 09:15:31','','',37),(1563,4,62,1,62,NULL,'2011-04-27 09:15:36','','',37),(1564,1,NULL,1,NULL,NULL,'2011-04-27 09:16:28','','',37),(1565,8,66,1,66,NULL,'2011-04-27 09:16:36','','',37),(1566,1,NULL,1,NULL,NULL,'2011-04-27 09:16:38','','',37),(1567,1,NULL,1,NULL,NULL,'2011-04-27 09:16:42','','',37),(1568,4,66,1,66,NULL,'2011-04-27 09:16:51','','',37),(1569,1,NULL,1,NULL,NULL,'2011-04-27 09:16:55','','',37),(1570,1,NULL,1,NULL,NULL,'2011-04-27 09:24:33','','',37),(1571,1,NULL,1,NULL,NULL,'2011-04-27 09:29:44','','',37),(1572,1,NULL,1,NULL,NULL,'2011-04-27 09:29:46','','',37),(1573,10,27,1,27,NULL,'2011-04-27 09:33:40','','',39),(1574,10,11,1,11,NULL,'2011-04-27 09:33:57','','',39),(1575,1,57,1,57,NULL,'2011-04-27 09:34:07','','',39),(1576,1,58,1,58,NULL,'2011-04-27 09:34:17','','',39),(1577,1,15,1,15,NULL,'2011-04-27 12:03:47','','',37),(1578,1,2,1,2,NULL,'2011-04-28 05:20:33','','',37),(1579,1,3,1,3,NULL,'2011-04-28 05:20:47','','',37),(1580,1,3,1,3,NULL,'2011-04-28 05:21:07','','',37),(1581,1,3,1,3,NULL,'2011-04-28 05:22:24','','',37),(1582,1,1,1,1,NULL,'2011-04-28 05:22:26','','',37),(1583,1,3,1,3,NULL,'2011-04-28 05:22:45','','',37),(1584,1,5,1,5,NULL,'2011-04-28 05:22:49','','',37),(1585,1,15,1,15,NULL,'2011-04-28 05:22:51','','',37),(1586,1,47,1,47,NULL,'2011-04-28 05:22:54','','',37),(1587,1,7,1,7,NULL,'2011-04-28 05:22:56','','',37),(1588,1,4,1,4,NULL,'2011-04-28 05:22:58','','',37),(1589,1,14,1,14,NULL,'2011-04-28 05:22:59','','',37),(1590,1,14,1,14,NULL,'2011-04-28 05:23:23','','',39),(1591,1,47,1,47,NULL,'2011-04-28 05:23:31','','',39),(1592,1,47,1,47,NULL,'2011-04-28 05:27:08','','',39),(1593,1,7,1,7,NULL,'2011-04-28 05:27:36','','',39),(1594,1,5,1,5,NULL,'2011-04-28 05:27:40','','',39),(1595,1,5,1,5,NULL,'2011-04-28 05:28:08','','',39),(1596,1,7,1,7,NULL,'2011-04-28 05:28:11','','',39),(1597,1,15,1,15,NULL,'2011-04-28 05:42:04','','',39),(1598,1,3,1,3,NULL,'2011-04-28 05:43:25','','',39),(1599,1,5,1,5,NULL,'2011-04-28 05:43:29','','',39),(1600,1,53,1,53,NULL,'2011-04-28 05:43:32','','',39),(1601,1,52,1,52,NULL,'2011-04-28 05:43:35','','',39),(1602,1,8,1,8,NULL,'2011-04-28 05:43:41','','',39),(1603,1,14,1,14,NULL,'2011-04-28 05:43:44','','',39),(1604,1,3,1,3,NULL,'2011-04-28 05:43:49','','',39),(1605,1,15,1,15,NULL,'2011-04-28 05:43:54','','',39),(1606,1,14,1,14,NULL,'2011-04-28 05:44:02','','',39),(1607,10,11,1,11,NULL,'2011-04-28 05:44:24','','',39),(1608,1,57,1,57,NULL,'2011-04-28 05:44:34','','',39),(1609,1,58,1,58,NULL,'2011-04-28 05:44:40','','',39),(1610,1,57,1,57,NULL,'2011-04-28 05:44:58','','',39),(1611,1,58,1,58,NULL,'2011-04-28 05:45:06','','',39),(1612,1,58,1,58,NULL,'2011-04-28 05:45:17','','',39),(1613,1,57,1,57,NULL,'2011-04-28 05:45:23','','',39),(1614,1,57,1,57,NULL,'2011-04-28 05:45:59','','',39),(1615,1,58,1,58,NULL,'2011-04-28 05:46:03','','',39),(1616,1,57,1,57,NULL,'2011-04-28 05:46:46','','',39),(1617,1,58,1,58,NULL,'2011-04-28 05:47:42','','',39),(1618,1,57,1,57,NULL,'2011-04-28 05:47:56','','',39),(1619,1,58,1,58,NULL,'2011-04-28 05:48:15','','',39),(1620,41,58,1,58,'{\"id\":\"96\",\"aro_id\":\"2\",\"aro_ref_id\":\"38\",\"perms\":{\"_read\":1,\"_write\":1,\"_manage\":0}}','2011-04-28 05:48:22','','',39),(1621,10,1,1,1,NULL,'2011-04-28 05:49:08','','',38),(1622,10,27,1,27,NULL,'2011-04-28 05:49:49','','',38),(1623,10,48,1,48,NULL,'2011-04-28 05:50:20','','',38),(1624,10,1,1,1,NULL,'2011-04-28 05:50:28','','',38),(1625,10,51,1,51,NULL,'2011-04-28 05:50:42','','',38),(1626,10,1,1,1,NULL,'2011-04-28 05:51:47','','',38),(1627,10,11,1,11,NULL,'2011-04-28 05:52:02','','',38),(1628,1,57,1,57,NULL,'2011-04-28 05:53:34','','',37),(1629,1,58,1,58,NULL,'2011-04-28 05:53:40','','',37),(1630,1,12,1,12,NULL,'2011-04-28 05:53:44','','',37),(1631,1,12,1,12,NULL,'2011-04-28 05:54:03','','',37),(1632,1,57,1,57,NULL,'2011-04-28 05:54:12','','',37),(1633,1,58,1,58,NULL,'2011-04-28 05:54:15','','',37),(1634,1,58,1,58,NULL,'2011-04-28 05:54:23','','',37),(1635,1,12,1,12,NULL,'2011-04-28 05:54:41','','',37),(1636,1,57,1,57,NULL,'2011-04-28 05:54:48','','',37),(1637,1,58,1,58,NULL,'2011-04-28 05:55:15','','',37),(1638,1,58,1,58,NULL,'2011-04-28 05:55:40','','',37),(1639,1,57,1,57,NULL,'2011-04-28 05:55:46','','',37),(1640,1,57,1,57,NULL,'2011-04-28 07:17:14','','',37),(1641,1,57,1,57,NULL,'2011-04-28 09:45:14','','',37),(1642,1,58,1,58,NULL,'2011-04-28 09:45:29','','',37),(1643,41,58,1,58,'{\"id\":\"99\",\"aro_id\":\"2\",\"aro_ref_id\":\"39\",\"perms\":{\"_read\":1,\"_write\":1,\"_manage\":0}}','2011-04-28 09:46:10','','',37),(1644,41,58,1,58,'{\"id\":\"99\",\"aro_id\":\"2\",\"aro_ref_id\":\"39\",\"perms\":{\"_read\":1,\"_write\":0,\"_manage\":0}}','2011-04-28 09:46:19','','',37),(1645,41,58,1,58,'{\"id\":\"96\",\"aro_id\":\"2\",\"aro_ref_id\":\"38\",\"perms\":{\"_read\":1,\"_write\":0,\"_manage\":0}}','2011-04-28 09:46:26','','',37),(1646,1,58,1,58,NULL,'2011-04-28 09:46:37','','',37),(1647,41,58,1,58,'{\"id\":\"96\",\"aro_id\":\"2\",\"aro_ref_id\":\"38\",\"perms\":{\"_read\":1,\"_write\":1,\"_manage\":0}}','2011-04-28 09:46:42','','',37),(1648,41,58,1,58,'{\"id\":\"99\",\"aro_id\":\"2\",\"aro_ref_id\":\"39\",\"perms\":{\"_read\":1,\"_write\":1,\"_manage\":1}}','2011-04-28 09:46:46','','',37),(1649,1,12,1,12,NULL,'2011-04-28 09:46:51','','',37),(1650,1,57,1,57,NULL,'2011-04-28 09:46:57','','',37),(1651,1,58,1,58,NULL,'2011-04-28 09:46:59','','',37),(1652,1,58,1,58,NULL,'2011-04-28 09:57:47','','',37),(1653,1,11,1,11,NULL,'2011-04-28 09:57:49','','',37),(1654,10,1,1,1,NULL,'2011-04-28 09:57:51','','',37),(1655,1,5,1,5,NULL,'2011-04-28 09:58:36','','',37),(1656,2,5,2,84,NULL,'2011-04-28 09:58:41','','',37),(1657,2,5,2,84,NULL,'2011-04-28 09:58:58','','',37),(1658,1,14,1,14,NULL,'2011-04-28 09:59:12','','',37),(1659,2,14,2,35,NULL,'2011-04-28 09:59:14','','',37),(1660,2,14,2,34,NULL,'2011-04-28 09:59:31','','',37),(1661,2,14,2,36,NULL,'2011-04-28 09:59:46','','',37),(1662,10,11,1,11,NULL,'2011-04-28 09:59:48','','',37),(1663,1,41,1,41,NULL,'2011-04-28 10:00:07','','',37),(1664,1,39,1,39,NULL,'2011-04-28 10:00:13','','',37),(1665,1,39,1,39,NULL,'2011-04-28 10:00:24','','',37),(1666,1,41,1,41,NULL,'2011-04-28 10:00:27','','',37),(1667,1,42,1,42,NULL,'2011-04-28 10:00:31','','',37),(1668,1,58,1,58,NULL,'2011-04-28 10:00:34','','',37),(1669,1,57,1,57,NULL,'2011-04-28 10:00:39','','',37),(1670,2,58,2,115,NULL,'2011-04-28 10:00:40','','',37),(1671,1,58,1,58,NULL,'2011-04-28 10:00:52','','',37),(1672,2,58,2,115,NULL,'2011-04-28 10:00:54','','',37),(1673,1,41,1,41,NULL,'2011-04-28 10:01:06','','',37),(1674,1,42,1,42,NULL,'2011-04-28 10:01:10','','',37),(1675,1,39,1,39,NULL,'2011-04-28 10:01:13','','',37),(1676,2,58,2,115,NULL,'2011-04-28 10:01:15','','',37),(1677,1,58,1,58,NULL,'2011-04-28 10:01:34','','',37),(1678,1,42,1,42,NULL,'2011-04-28 10:02:42','','',37),(1679,1,39,1,39,NULL,'2011-04-28 10:02:46','','',37),(1680,1,38,1,38,NULL,'2011-04-28 10:02:49','','',37),(1681,1,12,1,12,NULL,'2011-04-28 10:02:51','','',37),(1682,1,42,1,42,NULL,'2011-04-28 10:02:53','','',37),(1683,1,42,1,42,NULL,'2011-04-28 10:03:11','','',37),(1684,1,39,1,39,NULL,'2011-04-28 10:03:20','','',37),(1685,2,39,2,98,NULL,'2011-04-28 10:03:28','','',37),(1686,1,39,1,39,NULL,'2011-04-28 10:03:47','','',37),(1687,4,41,1,41,NULL,'2011-04-28 10:04:11','','',37),(1688,4,42,1,42,NULL,'2011-04-28 10:04:14','','',37),(1689,1,12,1,12,NULL,'2011-04-28 10:04:18','','',37),(1690,1,58,1,58,NULL,'2011-04-28 10:04:27','','',37),(1691,1,11,1,11,NULL,'2011-04-28 10:04:30','','',37),(1692,1,11,1,11,NULL,'2011-04-28 10:17:41','','',37),(1693,2,11,2,96,NULL,'2011-04-28 10:17:51','','',37),(1694,1,11,1,11,NULL,'2011-04-28 10:21:32','','',37),(1695,1,12,1,12,NULL,'2011-04-28 10:21:42','','',37),(1696,1,12,1,12,NULL,'2011-04-28 10:27:09','','',37),(1697,41,12,1,12,'{\"id\":\"94\",\"aro_id\":\"2\",\"aro_ref_id\":\"9\",\"perms\":{\"_read\":1,\"_write\":0,\"_manage\":0}}','2011-04-28 10:27:17','','',37),(1698,1,57,1,57,NULL,'2011-04-28 10:27:41','','',37),(1699,1,58,1,58,NULL,'2011-04-28 10:27:47','','',37),(1700,1,11,1,11,NULL,'2011-04-28 10:27:58','','',37),(1701,1,11,1,11,NULL,'2011-04-28 10:28:08','','',37),(1702,10,11,1,11,NULL,'2011-04-29 07:19:55','','',37),(1703,1,57,1,57,NULL,'2011-04-29 07:24:01','','',37),(1704,1,58,1,58,NULL,'2011-04-29 07:24:27','','',37),(1705,10,11,1,11,NULL,'2011-04-29 10:27:53','','',37),(1706,10,11,1,11,NULL,'2011-05-02 11:03:38','','',37),(1707,10,11,1,11,NULL,'2011-05-02 11:27:49','','',37),(1708,10,27,1,27,NULL,'2011-05-02 11:27:59','','',37),(1709,10,11,1,11,NULL,'2011-05-02 11:28:39','','',37),(1710,1,57,1,57,NULL,'2011-05-02 11:42:46','','',37),(1711,1,57,1,57,NULL,'2011-05-02 12:00:08','','',37),(1712,1,57,1,57,NULL,'2011-05-02 12:05:30','','',37),(1713,1,57,1,57,NULL,'2011-05-02 12:17:02','','',37),(1714,1,58,1,58,NULL,'2011-05-02 12:20:07','','',37),(1715,1,58,1,58,NULL,'2011-05-02 12:20:54','','',37),(1716,10,11,1,11,NULL,'2011-05-02 12:26:02','','',37),(1717,10,11,1,11,NULL,'2011-05-02 12:40:29','','',37),(1718,1,58,1,58,NULL,'2011-05-02 12:40:52','','',37),(1719,1,57,1,57,NULL,'2011-05-02 12:41:00','','',37),(1720,1,12,1,12,NULL,'2011-05-02 12:41:05','','',37),(1721,1,NULL,1,NULL,NULL,'2011-05-02 12:42:22','','',37),(1722,9,67,1,67,NULL,'2011-05-02 12:50:53','','',37),(1723,10,67,1,67,NULL,'2011-05-02 12:50:57','','',37),(1724,4,67,1,67,NULL,'2011-05-02 12:51:03','','',37),(1725,10,11,1,11,NULL,'2011-05-03 05:03:19','','',37),(1726,10,27,1,27,NULL,'2011-05-03 05:03:26','','',37),(1727,10,48,1,48,NULL,'2011-05-03 05:03:33','','',37),(1728,10,11,1,11,NULL,'2011-05-03 05:05:53','','',37),(1729,1,58,1,58,NULL,'2011-05-03 05:06:50','','',37),(1730,1,58,1,58,NULL,'2011-05-03 05:07:39','','',37),(1731,10,11,1,11,NULL,'2011-05-03 05:07:50','','',37),(1732,10,61,1,61,NULL,'2011-05-03 05:09:51','','',37),(1733,1,61,1,61,NULL,'2011-05-03 05:10:00','','',37),(1734,1,12,1,12,NULL,'2011-05-03 05:10:31','','',37),(1735,1,57,1,57,NULL,'2011-05-03 05:10:38','','',37),(1736,1,58,1,58,NULL,'2011-05-03 05:10:41','','',37),(1737,1,57,1,57,NULL,'2011-05-03 05:10:55','','',37),(1738,1,12,1,12,NULL,'2011-05-03 05:10:59','','',37),(1739,1,57,1,57,NULL,'2011-05-03 05:11:38','','',37),(1740,1,58,1,58,NULL,'2011-05-03 05:11:41','','',37),(1741,1,12,1,12,NULL,'2011-05-03 05:12:18','','',37),(1742,1,57,1,57,NULL,'2011-05-03 05:12:35','','',37),(1743,1,58,1,58,NULL,'2011-05-03 05:12:43','','',37),(1744,1,12,1,12,NULL,'2011-05-03 05:13:00','','',37),(1745,1,57,1,57,NULL,'2011-05-03 05:14:18','','',37),(1746,1,58,1,58,NULL,'2011-05-03 05:14:21','','',37),(1747,10,11,1,11,NULL,'2011-05-03 05:17:44','','',37),(1748,1,58,1,58,NULL,'2011-05-03 05:17:47','','',37),(1749,1,61,1,61,NULL,'2011-05-03 05:26:18','','',37),(1750,1,61,1,61,NULL,'2011-05-03 05:26:32','','',37),(1751,10,11,1,11,NULL,'2011-05-03 05:31:42','','',37),(1752,10,11,1,11,NULL,'2011-05-03 05:33:32','','',39),(1753,10,11,1,11,NULL,'2011-05-03 05:38:04','','',37),(1754,1,58,1,58,NULL,'2011-05-03 05:38:22','','',37),(1755,1,57,1,57,NULL,'2011-05-03 05:38:34','','',37),(1756,1,12,1,12,NULL,'2011-05-03 05:38:36','','',37),(1757,10,11,1,11,NULL,'2011-05-03 05:52:36','','',37),(1758,10,11,1,11,NULL,'2011-05-03 05:59:45','','',39),(1759,10,11,1,11,NULL,'2011-05-03 06:02:26','','',37),(1760,10,11,1,11,NULL,'2011-05-03 06:02:54','','',39),(1761,10,11,1,11,NULL,'2011-05-03 06:04:27','','',39),(1762,1,57,1,57,NULL,'2011-05-03 06:05:40','','',39),(1763,1,57,1,57,NULL,'2011-05-03 06:06:01','','',39),(1764,1,58,1,58,NULL,'2011-05-03 06:06:28','','',39),(1765,1,58,1,58,NULL,'2011-05-03 06:06:35','','',39),(1766,1,57,1,57,NULL,'2011-05-03 06:07:23','','',39),(1767,1,57,1,57,NULL,'2011-05-03 06:07:33','','',39),(1768,1,58,1,58,NULL,'2011-05-03 06:07:38','','',39),(1769,1,57,1,57,NULL,'2011-05-03 06:07:44','','',39),(1770,10,11,1,11,NULL,'2011-05-03 06:59:36','','',37),(1771,1,11,1,11,NULL,'2011-05-03 07:00:41','','',37),(1772,1,12,1,12,NULL,'2011-05-03 07:00:59','','',37),(1773,1,57,1,57,NULL,'2011-05-03 07:01:06','','',37),(1774,1,58,1,58,NULL,'2011-05-03 07:01:13','','',37),(1775,1,12,1,12,NULL,'2011-05-03 07:01:18','','',37),(1776,1,57,1,57,NULL,'2011-05-03 07:01:20','','',37),(1777,1,58,1,58,NULL,'2011-05-03 07:01:22','','',37),(1778,9,68,1,68,NULL,'2011-05-03 07:12:14','','',37),(1779,10,68,1,68,NULL,'2011-05-03 07:12:19','','',37),(1780,4,68,1,68,NULL,'2011-05-03 07:12:25','','',37),(1781,10,63,1,63,NULL,'2011-05-03 07:12:41','','',37),(1782,10,27,1,27,NULL,'2011-05-03 07:12:51','','',37),(1783,10,51,1,51,NULL,'2011-05-03 07:13:18','','',37),(1784,4,51,1,51,NULL,'2011-05-03 07:13:23','','',37),(1785,10,63,1,63,NULL,'2011-05-03 07:13:37','','',37),(1786,10,65,1,65,NULL,'2011-05-03 07:13:43','','',37),(1787,4,65,1,65,NULL,'2011-05-03 07:13:55','','',37),(1788,10,49,1,49,NULL,'2011-05-03 07:14:25','','',37),(1789,4,49,1,49,NULL,'2011-05-03 07:14:31','','',37),(1790,9,69,1,69,NULL,'2011-05-03 07:14:49','','',37),(1791,10,11,1,11,NULL,'2011-05-03 08:47:28','','',37),(1792,10,11,1,11,NULL,'2011-05-03 08:47:56','','',37),(1793,1,57,1,57,NULL,'2011-05-03 08:53:09','','',37),(1794,1,58,1,58,NULL,'2011-05-03 08:53:37','','',37),(1795,1,58,1,58,NULL,'2011-05-03 08:57:07','','',37),(1796,2,58,2,115,NULL,'2011-05-03 08:57:10','','',37),(1797,1,57,1,57,NULL,'2011-05-03 08:57:36','','',37),(1798,1,12,1,12,NULL,'2011-05-03 08:57:46','','',37),(1799,1,58,1,58,NULL,'2011-05-03 08:57:54','','',37),(1800,1,58,1,58,NULL,'2011-05-03 08:59:07','','',37),(1801,1,58,1,58,NULL,'2011-05-03 08:59:22','','',37),(1802,10,11,1,11,NULL,'2011-05-03 09:00:48','','',39),(1803,1,58,1,58,NULL,'2011-05-03 09:00:50','','',39),(1804,1,57,1,57,NULL,'2011-05-03 09:00:58','','',39),(1805,2,57,2,114,NULL,'2011-05-03 09:01:06','','',39),(1806,10,11,1,11,NULL,'2011-05-03 09:02:02','','',39),(1807,1,58,1,58,NULL,'2011-05-03 09:02:04','','',39),(1808,1,57,1,57,NULL,'2011-05-03 09:02:07','','',39),(1809,2,57,2,114,NULL,'2011-05-03 09:02:12','','',39),(1810,1,57,1,57,NULL,'2011-05-03 09:02:49','','',39),(1811,1,58,1,58,NULL,'2011-05-03 09:02:57','','',39),(1812,1,57,1,57,NULL,'2011-05-03 09:03:05','','',39),(1813,1,58,1,58,NULL,'2011-05-03 09:03:09','','',39),(1814,1,58,1,58,NULL,'2011-05-03 09:03:17','','',39),(1815,1,57,1,57,NULL,'2011-05-03 09:03:20','','',39),(1816,10,11,1,11,NULL,'2011-05-03 09:06:57','','',39),(1817,1,58,1,58,NULL,'2011-05-03 09:07:16','','',39),(1818,1,57,1,57,NULL,'2011-05-03 09:07:24','','',39),(1819,1,58,1,58,NULL,'2011-05-03 09:07:28','','',39),(1820,1,57,1,57,NULL,'2011-05-03 09:11:58','','',39),(1821,1,58,1,58,NULL,'2011-05-03 09:12:01','','',39),(1822,1,57,1,57,NULL,'2011-05-03 09:12:19','','',39),(1823,1,58,1,58,NULL,'2011-05-03 09:12:29','','',39),(1824,1,57,1,57,NULL,'2011-05-03 09:12:38','','',39),(1825,1,58,1,58,NULL,'2011-05-03 09:12:42','','',39),(1826,1,57,1,57,NULL,'2011-05-03 09:12:58','','',39),(1827,1,58,1,58,NULL,'2011-05-03 09:12:59','','',39),(1828,1,57,1,57,NULL,'2011-05-03 09:12:59','','',39),(1829,1,58,1,58,NULL,'2011-05-03 09:13:13','','',39),(1830,1,57,1,57,NULL,'2011-05-03 09:13:24','','',39),(1831,1,58,1,58,NULL,'2011-05-03 09:13:35','','',39),(1832,1,58,1,58,NULL,'2011-05-03 09:15:45','','',39),(1833,1,58,1,58,NULL,'2011-05-03 09:30:27','','',39),(1834,1,58,1,58,NULL,'2011-05-03 09:34:23','','',39),(1835,1,57,1,57,NULL,'2011-05-03 09:34:52','','',39),(1836,1,58,1,58,NULL,'2011-05-03 09:41:41','','',39),(1837,1,NULL,1,NULL,NULL,'2011-05-03 09:57:05','','',37),(1838,10,11,1,11,NULL,'2011-05-03 09:57:16','','',37),(1839,10,11,1,11,NULL,'2011-05-03 10:04:04','','',37),(1840,10,11,1,11,NULL,'2011-05-03 10:06:09','','',37),(1841,1,58,1,58,NULL,'2011-05-03 10:06:17','','',37),(1842,1,57,1,57,NULL,'2011-05-03 10:06:41','','',37),(1843,1,12,1,12,NULL,'2011-05-03 10:06:45','','',37),(1844,1,58,1,58,NULL,'2011-05-03 10:09:17','','',39),(1845,1,57,1,57,NULL,'2011-05-03 10:09:24','','',37),(1846,9,70,1,70,NULL,'2011-05-03 10:10:01','','',37),(1847,9,71,1,71,NULL,'2011-05-03 10:10:41','','',37),(1848,10,11,1,11,NULL,'2011-05-03 10:13:29','','',37),(1849,1,12,1,12,NULL,'2011-05-03 10:13:56','','',37),(1850,1,57,1,57,NULL,'2011-05-03 10:21:13','','',37),(1851,1,58,1,58,NULL,'2011-05-03 10:36:01','','',37),(1852,1,12,1,12,NULL,'2011-05-03 10:36:07','','',37),(1853,1,12,1,12,NULL,'2011-05-03 10:36:26','','',37),(1854,1,57,1,57,NULL,'2011-05-03 10:36:38','','',37),(1855,1,58,1,58,NULL,'2011-05-03 10:41:18','','',37),(1856,10,11,1,11,NULL,'2011-05-03 10:45:32','','',37),(1857,1,58,1,58,NULL,'2011-05-03 10:45:35','','',37),(1858,1,57,1,57,NULL,'2011-05-03 10:45:37','','',37),(1859,1,12,1,12,NULL,'2011-05-03 10:45:44','','',37),(1860,10,11,1,11,NULL,'2011-05-03 11:38:01','','',37),(1861,1,57,1,57,NULL,'2011-05-03 11:38:39','','',37),(1862,1,58,1,58,NULL,'2011-05-03 11:38:45','','',37),(1863,1,57,1,57,NULL,'2011-05-03 11:39:58','','',37),(1864,1,12,1,12,NULL,'2011-05-03 11:39:59','','',37),(1865,1,57,1,57,NULL,'2011-05-03 11:39:59','','',37),(1866,1,58,1,58,NULL,'2011-05-03 11:40:05','','',37),(1867,1,12,1,12,NULL,'2011-05-03 11:40:11','','',37),(1868,1,57,1,57,NULL,'2011-05-03 11:40:20','','',37),(1869,1,58,1,58,NULL,'2011-05-03 11:40:24','','',37),(1870,1,12,1,12,NULL,'2011-05-03 11:40:42','','',37),(1871,1,57,1,57,NULL,'2011-05-03 11:40:42','','',37),(1872,10,27,1,27,NULL,'2011-05-03 11:40:48','','',37),(1873,10,11,1,11,NULL,'2011-05-03 11:45:45','','',37),(1874,1,57,1,57,NULL,'2011-05-03 11:45:48','','',37),(1875,9,72,1,72,NULL,'2011-05-03 11:47:31','','',37),(1876,10,72,1,72,NULL,'2011-05-03 11:47:35','','',37),(1877,1,72,1,72,NULL,'2011-05-03 11:47:53','','',37),(1878,20,72,2,120,NULL,'2011-05-03 11:48:15','','',37),(1879,8,73,1,73,NULL,'2011-05-03 11:48:30','','',37),(1880,8,74,1,74,NULL,'2011-05-03 11:48:54','','',37),(1881,1,74,1,74,NULL,'2011-05-03 11:49:39','','',37),(1882,1,74,1,74,NULL,'2011-05-03 11:49:46','','',37),(1883,1,74,1,74,NULL,'2011-05-03 11:49:46','','',37),(1884,1,73,1,73,NULL,'2011-05-03 11:49:59','','',37),(1885,4,74,1,74,NULL,'2011-05-03 11:50:22','','',37),(1886,1,72,1,72,NULL,'2011-05-03 11:50:26','','',37),(1887,4,73,1,73,NULL,'2011-05-03 11:50:26','','',37),(1888,1,72,1,72,NULL,'2011-05-03 11:50:44','','',37),(1889,1,72,1,72,NULL,'2011-05-03 11:50:59','','',37),(1890,4,72,1,72,NULL,'2011-05-03 11:51:13','','',37),(1891,1,57,1,57,NULL,'2011-05-03 11:55:55','','',37),(1892,1,58,1,58,NULL,'2011-05-03 11:56:54','','',37),(1893,1,58,1,58,NULL,'2011-05-03 12:42:32','','',37),(1894,1,57,1,57,NULL,'2011-05-03 12:44:00','','',37),(1895,1,58,1,58,NULL,'2011-05-03 12:44:30','','',37),(1896,1,12,1,12,NULL,'2011-05-03 12:44:36','','',37),(1897,1,57,1,57,NULL,'2011-05-03 12:44:39','','',37),(1898,1,58,1,58,NULL,'2011-05-03 12:44:44','','',37),(1899,10,11,1,11,NULL,'2011-05-04 04:46:53','','',37),(1900,1,12,1,12,NULL,'2011-05-04 04:47:36','','',37),(1901,1,57,1,57,NULL,'2011-05-04 04:47:42','','',37),(1902,1,58,1,58,NULL,'2011-05-04 04:47:46','','',37),(1903,1,57,1,57,NULL,'2011-05-04 04:47:53','','',37),(1904,1,12,1,12,NULL,'2011-05-04 04:47:55','','',37),(1905,2,12,2,113,NULL,'2011-05-04 04:47:57','','',37),(1906,1,57,1,57,NULL,'2011-05-04 04:48:16','','',37),(1907,1,58,1,58,NULL,'2011-05-04 04:48:21','','',37),(1908,10,11,1,11,NULL,'2011-05-04 04:49:17','','',37),(1909,1,58,1,58,NULL,'2011-05-04 04:49:32','','',37),(1910,1,57,1,57,NULL,'2011-05-04 04:50:23','','',37),(1911,1,12,1,12,NULL,'2011-05-04 04:50:26','','',37),(1912,40,12,1,12,'{\"aro_id\":\"2\",\"aro_ref_id\":\"17\",\"perms\":{\"_read\":1,\"_write\":0,\"_manage\":0}}','2011-05-04 04:50:35','','',37),(1913,1,57,1,57,NULL,'2011-05-04 04:50:43','','',37),(1914,1,58,1,58,NULL,'2011-05-04 04:50:48','','',37),(1915,1,57,1,57,NULL,'2011-05-04 04:51:12','','',37),(1916,1,12,1,12,NULL,'2011-05-04 04:51:15','','',37),(1917,1,57,1,57,NULL,'2011-05-04 04:51:37','','',37),(1918,40,57,1,57,'{\"aro_id\":\"2\",\"aro_ref_id\":\"8\",\"perms\":{\"_read\":1,\"_write\":0,\"_manage\":0}}','2011-05-04 04:51:50','','',37),(1919,1,12,1,12,NULL,'2011-05-04 04:51:58','','',37),(1920,1,12,1,12,NULL,'2011-05-04 04:57:46','','',37),(1921,1,57,1,57,NULL,'2011-05-04 04:57:53','','',37),(1922,41,NULL,NULL,NULL,'{\"id\":\"108\"}','2011-05-04 04:58:06','','',37),(1923,1,12,1,12,NULL,'2011-05-04 04:58:44','','',37),(1924,9,75,1,75,NULL,'2011-05-04 04:59:01','','',37),(1925,10,75,1,75,NULL,'2011-05-04 04:59:06','','',37),(1926,4,75,1,75,NULL,'2011-05-04 04:59:16','','',37),(1927,10,70,1,70,NULL,'2011-05-04 04:59:23','','',37),(1928,10,11,1,11,NULL,'2011-05-04 04:59:35','','',37),(1929,1,12,1,12,NULL,'2011-05-04 04:59:38','','',37),(1930,1,11,1,11,NULL,'2011-05-04 04:59:42','','',37),(1931,1,12,1,12,NULL,'2011-05-04 04:59:50','','',37),(1932,1,58,1,58,NULL,'2011-05-04 05:00:04','','',37),(1933,21,58,2,115,NULL,'2011-05-04 05:00:30','','',37),(1934,22,NULL,2,115,NULL,'2011-05-04 05:00:42','','',37),(1935,20,58,2,121,NULL,'2011-05-04 05:01:02','','',37),(1936,2,58,2,121,NULL,'2011-05-04 05:01:06','','',37),(1937,2,58,2,121,NULL,'2011-05-04 05:01:21','','',37),(1938,1,57,1,57,NULL,'2011-05-04 05:01:35','','',37),(1939,1,12,1,12,NULL,'2011-05-04 05:01:42','','',37),(1940,1,58,1,58,NULL,'2011-05-04 05:01:45','','',37),(1941,2,58,2,121,NULL,'2011-05-04 05:01:48','','',37),(1942,2,NULL,2,115,NULL,'2011-05-04 05:02:07','','',37),(1943,2,58,2,121,NULL,'2011-05-04 05:02:30','','',37),(1944,1,12,1,12,NULL,'2011-05-04 05:03:02','','',37),(1945,2,12,2,113,NULL,'2011-05-04 05:03:06','','',37),(1946,1,12,1,12,NULL,'2011-05-04 05:03:15','','',37),(1947,2,12,2,113,NULL,'2011-05-04 05:03:19','','',37),(1948,1,57,1,57,NULL,'2011-05-04 05:03:30','','',37),(1949,2,57,2,114,NULL,'2011-05-04 05:03:32','','',37),(1950,1,57,1,57,NULL,'2011-05-04 05:03:46','','',37),(1951,2,57,2,114,NULL,'2011-05-04 05:03:50','','',37),(1952,1,58,1,58,NULL,'2011-05-04 05:04:00','','',37),(1953,2,58,2,121,NULL,'2011-05-04 05:04:02','','',37),(1954,1,58,1,58,NULL,'2011-05-04 05:04:12','','',37),(1955,2,58,2,121,NULL,'2011-05-04 05:04:14','','',37),(1956,1,58,1,58,NULL,'2011-05-04 05:04:39','','',37),(1957,1,12,1,12,NULL,'2011-05-04 05:04:46','','',37),(1958,1,57,1,57,NULL,'2011-05-04 05:04:51','','',37),(1959,1,58,1,58,NULL,'2011-05-04 05:05:01','','',37),(1960,22,NULL,2,121,NULL,'2011-05-04 05:05:11','','',37),(1961,20,58,2,122,NULL,'2011-05-04 05:05:28','','',37),(1962,2,58,2,122,NULL,'2011-05-04 05:05:33','','',37),(1963,1,58,1,58,NULL,'2011-05-04 05:05:41','','',37),(1964,2,58,2,122,NULL,'2011-05-04 05:05:44','','',37),(1965,2,NULL,2,121,NULL,'2011-05-04 05:05:58','','',37),(1966,1,58,1,58,NULL,'2011-05-04 05:06:15','','',37),(1967,2,58,2,122,NULL,'2011-05-04 05:06:22','','',37),(1968,1,57,1,57,NULL,'2011-05-04 05:06:37','','',37),(1969,1,12,1,12,NULL,'2011-05-04 05:06:39','','',37),(1970,10,11,1,11,NULL,'2011-05-04 05:06:51','','',37),(1971,1,57,1,57,NULL,'2011-05-04 05:07:05','','',37),(1972,1,58,1,58,NULL,'2011-05-04 05:07:07','','',37),(1973,1,57,1,57,NULL,'2011-05-04 05:07:21','','',37),(1974,1,12,1,12,NULL,'2011-05-04 05:07:25','','',37),(1975,1,12,1,12,NULL,'2011-05-04 05:08:16','','',37),(1976,1,58,1,58,NULL,'2011-05-04 05:08:28','','',37),(1977,1,57,1,57,NULL,'2011-05-04 05:08:34','','',37),(1978,1,12,1,12,NULL,'2011-05-04 05:08:38','','',37),(1979,1,12,1,12,NULL,'2011-05-04 05:09:13','','',37),(1980,1,57,1,57,NULL,'2011-05-04 05:10:47','','',37),(1981,1,58,1,58,NULL,'2011-05-04 05:11:32','','',37),(1982,1,57,1,57,NULL,'2011-05-04 05:11:37','','',37),(1983,1,12,1,12,NULL,'2011-05-04 05:11:42','','',37),(1984,1,58,1,58,NULL,'2011-05-04 05:12:34','','',37),(1985,1,12,1,12,NULL,'2011-05-04 05:12:56','','',37),(1986,1,57,1,57,NULL,'2011-05-04 05:12:59','','',37),(1987,1,12,1,12,NULL,'2011-05-04 05:13:18','','',37),(1988,1,12,1,12,NULL,'2011-05-04 05:13:34','','',37),(1989,1,57,1,57,NULL,'2011-05-04 05:17:30','','',37),(1990,1,58,1,58,NULL,'2011-05-04 05:17:33','','',37),(1991,1,11,1,11,NULL,'2011-05-04 05:17:38','','',37),(1992,1,12,1,12,NULL,'2011-05-04 05:17:44','','',37),(1993,1,12,1,12,NULL,'2011-05-04 05:18:33','','',37),(1994,1,57,1,57,NULL,'2011-05-04 05:18:39','','',37),(1995,1,58,1,58,NULL,'2011-05-04 05:18:43','','',37),(1996,1,58,1,58,NULL,'2011-05-04 05:18:52','','',37),(1997,1,12,1,12,NULL,'2011-05-04 05:19:15','','',37),(1998,1,57,1,57,NULL,'2011-05-04 05:19:19','','',37),(1999,1,58,1,58,NULL,'2011-05-04 05:19:23','','',37),(2000,1,57,1,57,NULL,'2011-05-04 05:19:27','','',37),(2001,1,12,1,12,NULL,'2011-05-04 05:19:30','','',37),(2002,1,57,1,57,NULL,'2011-05-04 05:19:44','','',37),(2003,1,58,1,58,NULL,'2011-05-04 05:19:51','','',37),(2004,1,57,1,57,NULL,'2011-05-04 05:19:57','','',37),(2005,1,58,1,58,NULL,'2011-05-04 05:20:51','','',37),(2006,1,57,1,57,NULL,'2011-05-04 05:21:29','','',37),(2007,1,58,1,58,NULL,'2011-05-04 05:22:43','','',37),(2008,2,57,2,114,NULL,'2011-05-04 05:22:55','','',37),(2009,1,12,1,12,NULL,'2011-05-04 05:23:06','','',37),(2010,1,58,1,58,NULL,'2011-05-04 05:24:46','','',37),(2011,1,58,1,58,NULL,'2011-05-04 05:34:11','','',37),(2012,1,57,1,57,NULL,'2011-05-04 05:34:36','','',37),(2013,1,58,1,58,NULL,'2011-05-04 05:35:19','','',37),(2014,1,57,1,57,NULL,'2011-05-04 05:40:27','','',37),(2015,1,58,1,58,NULL,'2011-05-04 05:42:01','','',37),(2016,10,1,1,1,NULL,'2011-05-04 05:48:44','','',37),(2017,1,2,1,2,NULL,'2011-05-04 05:49:02','','',37),(2018,1,3,1,3,NULL,'2011-05-04 05:49:12','','',37),(2019,1,3,1,3,NULL,'2011-05-04 05:55:39','','',37),(2020,1,5,1,5,NULL,'2011-05-04 05:55:41','','',37),(2021,1,7,1,7,NULL,'2011-05-04 05:55:44','','',37),(2022,1,14,1,14,NULL,'2011-05-04 05:55:48','','',37),(2023,1,52,1,52,NULL,'2011-05-04 05:55:51','','',37),(2024,1,14,1,14,NULL,'2011-05-04 05:55:56','','',37),(2025,4,52,1,52,NULL,'2011-05-04 05:55:56','','',37),(2026,1,14,1,14,NULL,'2011-05-04 05:56:13','','',37),(2027,1,8,1,8,NULL,'2011-05-04 05:56:21','','',37),(2028,1,53,1,53,NULL,'2011-05-04 05:56:24','','',37),(2029,1,8,1,8,NULL,'2011-05-04 05:56:35','','',37),(2030,1,53,1,53,NULL,'2011-05-04 05:56:44','','',37),(2031,1,1,1,1,NULL,'2011-05-04 05:56:52','','',37),(2032,1,2,1,2,NULL,'2011-05-04 05:56:54','','',37),(2033,1,3,1,3,NULL,'2011-05-04 05:56:57','','',37),(2034,1,7,1,7,NULL,'2011-05-04 05:57:06','','',37),(2035,1,14,1,14,NULL,'2011-05-04 05:57:10','','',37),(2036,1,NULL,1,NULL,NULL,'2011-05-04 06:04:39','','',37),(2037,10,11,1,11,NULL,'2011-05-04 06:06:22','','',39),(2038,1,57,1,57,NULL,'2011-05-04 06:06:47','','',39),(2039,1,58,1,58,NULL,'2011-05-04 06:06:54','','',39),(2040,1,57,1,57,NULL,'2011-05-04 06:07:17','','',39),(2041,1,57,1,57,NULL,'2011-05-04 06:10:12','','',37),(2042,1,58,1,58,NULL,'2011-05-04 06:10:13','','',37),(2043,1,57,1,57,NULL,'2011-05-04 06:10:21','','',37),(2044,1,12,1,12,NULL,'2011-05-04 06:10:23','','',37),(2045,1,12,1,12,NULL,'2011-05-04 06:14:09','','',37),(2046,1,57,1,57,NULL,'2011-05-04 06:14:14','','',37),(2047,1,58,1,58,NULL,'2011-05-04 06:14:18','','',37),(2048,1,57,1,57,NULL,'2011-05-04 06:15:22','','',37),(2049,1,12,1,12,NULL,'2011-05-04 06:15:26','','',37),(2050,1,57,1,57,NULL,'2011-05-04 06:15:31','','',37),(2051,1,12,1,12,NULL,'2011-05-04 06:15:41','','',37),(2052,1,58,1,58,NULL,'2011-05-04 06:16:10','','',37),(2053,1,57,1,57,NULL,'2011-05-04 06:16:45','','',37),(2054,1,57,1,57,NULL,'2011-05-04 06:16:53','','',37),(2055,1,58,1,58,NULL,'2011-05-04 06:16:56','','',37),(2056,1,12,1,12,NULL,'2011-05-04 06:19:51','','',37),(2057,1,57,1,57,NULL,'2011-05-04 06:19:58','','',37),(2058,1,58,1,58,NULL,'2011-05-04 06:20:06','','',37),(2059,1,NULL,1,NULL,NULL,'2011-05-04 06:24:55','','',37),(2060,20,0,2,123,NULL,'2011-05-04 06:27:42','','',37),(2061,2,0,2,123,NULL,'2011-05-04 06:27:48','','',37),(2062,10,11,1,11,NULL,'2011-05-04 06:45:27','','',37),(2063,1,12,1,12,NULL,'2011-05-04 06:45:46','','',37),(2064,1,57,1,57,NULL,'2011-05-04 06:45:50','','',37),(2065,1,58,1,58,NULL,'2011-05-04 06:45:55','','',37),(2066,1,12,1,12,NULL,'2011-05-04 06:46:04','','',37),(2067,1,57,1,57,NULL,'2011-05-04 06:46:07','','',37),(2068,1,58,1,58,NULL,'2011-05-04 06:46:10','','',37),(2069,10,63,1,63,NULL,'2011-05-04 06:46:55','','',37),(2070,1,63,1,63,NULL,'2011-05-04 06:47:11','','',37),(2071,1,63,1,63,NULL,'2011-05-04 06:47:22','','',37),(2072,1,63,1,63,NULL,'2011-05-04 06:47:26','','',37),(2073,1,63,1,63,NULL,'2011-05-04 06:48:13','','',37),(2074,1,58,1,58,NULL,'2011-05-04 07:01:48','','',37),(2075,1,57,1,57,NULL,'2011-05-04 07:02:40','','',37),(2076,1,12,1,12,NULL,'2011-05-04 07:02:52','','',37),(2077,1,57,1,57,NULL,'2011-05-04 07:03:58','','',37),(2078,1,58,1,58,NULL,'2011-05-04 07:04:06','','',37),(2079,1,58,1,58,NULL,'2011-05-04 07:05:22','','',37),(2080,1,57,1,57,NULL,'2011-05-04 07:05:25','','',37),(2081,1,12,1,12,NULL,'2011-05-04 07:05:29','','',37),(2082,1,57,1,57,NULL,'2011-05-04 07:05:37','','',37),(2083,2,57,2,114,NULL,'2011-05-04 07:05:46','','',37),(2084,1,57,1,57,NULL,'2011-05-04 07:07:43','','',37),(2085,1,58,1,58,NULL,'2011-05-04 07:07:46','','',37),(2086,10,11,1,11,NULL,'2011-05-04 09:04:28','','',37),(2087,1,57,1,57,NULL,'2011-05-04 09:04:58','','',37),(2088,1,58,1,58,NULL,'2011-05-04 09:05:08','','',37),(2089,1,12,1,12,NULL,'2011-05-04 09:05:15','','',37),(2090,1,57,1,57,NULL,'2011-05-04 09:05:20','','',37),(2091,1,57,1,57,NULL,'2011-05-04 09:05:30','','',37),(2092,10,11,1,11,NULL,'2011-05-04 09:08:03','','',37),(2093,1,57,1,57,NULL,'2011-05-04 09:08:11','','',37),(2094,1,12,1,12,NULL,'2011-05-04 09:08:15','','',37),(2095,1,58,1,58,NULL,'2011-05-04 09:08:26','','',37),(2096,10,11,1,11,NULL,'2011-05-04 09:09:03','','',37),(2097,1,12,1,12,NULL,'2011-05-04 09:09:17','','',37),(2098,1,57,1,57,NULL,'2011-05-04 09:09:28','','',37),(2099,1,57,1,57,NULL,'2011-05-04 09:09:43','','',37),(2100,1,58,1,58,NULL,'2011-05-04 09:09:46','','',37),(2101,1,58,1,58,NULL,'2011-05-04 09:11:02','','',37),(2102,1,12,1,12,NULL,'2011-05-04 09:11:06','','',37),(2103,1,57,1,57,NULL,'2011-05-04 09:11:17','','',37),(2104,1,57,1,57,NULL,'2011-05-04 09:11:35','','',37),(2105,1,58,1,58,NULL,'2011-05-04 09:11:37','','',37),(2106,1,12,1,12,NULL,'2011-05-04 09:12:14','','',37),(2107,10,27,1,27,NULL,'2011-05-04 09:15:25','','',38),(2108,1,54,1,54,NULL,'2011-05-04 09:15:39','','',38),(2109,10,11,1,11,NULL,'2011-05-04 09:16:24','','',38),(2110,10,11,1,11,NULL,'2011-05-04 09:16:45','','',9),(2111,1,12,1,12,NULL,'2011-05-04 09:16:54','','',9),(2112,10,27,1,27,NULL,'2011-05-04 09:17:13','','',9),(2113,1,54,1,54,NULL,'2011-05-04 09:17:20','','',9),(2114,10,11,1,11,NULL,'2011-05-04 09:17:39','','',9),(2115,1,12,1,12,NULL,'2011-05-04 09:17:49','','',9),(2116,1,12,1,12,NULL,'2011-05-04 09:18:00','','',9),(2117,1,12,1,12,NULL,'2011-05-04 09:18:10','','',9),(2118,1,12,1,12,NULL,'2011-05-04 09:23:01','','',9),(2119,10,27,1,27,NULL,'2011-05-04 09:23:21','','',9),(2120,1,54,1,54,NULL,'2011-05-04 09:23:30','','',9),(2121,1,54,1,54,NULL,'2011-05-04 09:25:00','','',9),(2122,10,1,1,1,NULL,'2011-05-04 09:25:16','','',9),(2123,1,2,1,2,NULL,'2011-05-04 09:25:23','','',9),(2124,10,11,1,11,NULL,'2011-05-04 09:29:28','','',37),(2125,1,57,1,57,NULL,'2011-05-04 09:29:43','','',37),(2126,1,58,1,58,NULL,'2011-05-04 09:29:47','','',37),(2127,1,12,1,12,NULL,'2011-05-04 09:29:51','','',37),(2128,1,57,1,57,NULL,'2011-05-04 09:29:54','','',37),(2129,1,58,1,58,NULL,'2011-05-04 09:29:59','','',37),(2130,1,58,1,58,NULL,'2011-05-04 09:30:10','','',37),(2131,1,57,1,57,NULL,'2011-05-04 09:30:18','','',37),(2132,1,12,1,12,NULL,'2011-05-04 09:30:22','','',37),(2133,1,57,1,57,NULL,'2011-05-04 09:30:49','','',37),(2134,1,58,1,58,NULL,'2011-05-04 09:30:52','','',37),(2135,1,57,1,57,NULL,'2011-05-04 09:32:31','','',37),(2136,1,12,1,12,NULL,'2011-05-04 09:32:36','','',37),(2137,1,57,1,57,NULL,'2011-05-04 09:32:47','','',37),(2138,1,58,1,58,NULL,'2011-05-04 09:32:51','','',37),(2139,1,12,1,12,NULL,'2011-05-04 09:32:58','','',37),(2140,1,57,1,57,NULL,'2011-05-04 09:33:12','','',37),(2141,1,58,1,58,NULL,'2011-05-04 09:33:17','','',37),(2142,1,57,1,57,NULL,'2011-05-04 09:33:43','','',37),(2143,1,12,1,12,NULL,'2011-05-04 09:33:53','','',37),(2144,1,58,1,58,NULL,'2011-05-04 09:34:25','','',37),(2145,1,12,1,12,NULL,'2011-05-04 09:34:32','','',37),(2146,1,NULL,1,NULL,NULL,'2011-05-04 09:35:08','','',37),(2147,1,NULL,1,NULL,NULL,'2011-05-04 09:35:25','','',37),(2148,10,11,1,11,NULL,'2011-05-04 09:35:29','','',37),(2149,1,57,1,57,NULL,'2011-05-04 09:35:35','','',37),(2150,1,58,1,58,NULL,'2011-05-04 09:35:45','','',37),(2151,1,12,1,12,NULL,'2011-05-04 09:35:54','','',37),(2152,1,57,1,57,NULL,'2011-05-04 09:35:57','','',37),(2153,1,57,1,57,NULL,'2011-05-04 09:36:03','','',37),(2154,1,58,1,58,NULL,'2011-05-04 09:36:08','','',37),(2155,1,12,1,12,NULL,'2011-05-04 09:36:19','','',37),(2156,1,12,1,12,NULL,'2011-05-04 09:36:24','','',37),(2157,1,58,1,58,NULL,'2011-05-04 09:36:29','','',37),(2158,1,57,1,57,NULL,'2011-05-04 09:36:39','','',37),(2159,1,12,1,12,NULL,'2011-05-04 09:36:44','','',37),(2160,1,12,1,12,NULL,'2011-05-04 09:37:03','','',37),(2161,10,69,1,69,NULL,'2011-05-04 09:37:39','','',37),(2162,4,69,1,69,NULL,'2011-05-04 09:37:45','','',37),(2163,10,70,1,70,NULL,'2011-05-04 09:37:51','','',37),(2164,4,70,1,70,NULL,'2011-05-04 09:37:57','','',37),(2165,10,50,1,50,NULL,'2011-05-04 09:38:06','','',37),(2166,4,50,1,50,NULL,'2011-05-04 09:38:13','','',37),(2167,1,12,1,12,NULL,'2011-05-04 09:53:16','','',37),(2168,10,11,1,11,NULL,'2011-05-04 09:53:42','','',9),(2169,1,12,1,12,NULL,'2011-05-04 09:53:57','','',9),(2170,1,12,1,12,NULL,'2011-05-04 09:59:34','','',37),(2171,1,58,1,58,NULL,'2011-05-04 10:02:30','','',37),(2172,1,57,1,57,NULL,'2011-05-04 10:02:48','','',37),(2173,1,12,1,12,NULL,'2011-05-04 10:03:21','','',37),(2174,1,12,1,12,NULL,'2011-05-04 10:08:34','','',37),(2175,1,57,1,57,NULL,'2011-05-04 10:08:36','','',37),(2176,1,58,1,58,NULL,'2011-05-04 10:08:43','','',37),(2177,2,58,2,122,NULL,'2011-05-04 10:09:06','','',37),(2178,1,12,1,12,NULL,'2011-05-04 10:10:05','','',9),(2179,10,1,1,1,NULL,'2011-05-04 10:10:12','','',9),(2180,1,2,1,2,NULL,'2011-05-04 10:10:21','','',9),(2181,2,2,2,90,NULL,'2011-05-04 10:10:44','','',9),(2182,1,2,1,2,NULL,'2011-05-04 10:11:15','','',9),(2183,1,58,1,58,NULL,'2011-05-04 10:23:55','','',37),(2184,1,57,1,57,NULL,'2011-05-04 10:23:59','','',37),(2185,1,12,1,12,NULL,'2011-05-04 10:24:02','','',37),(2186,1,2,1,2,NULL,'2011-05-04 10:24:32','','',9),(2187,1,12,1,12,NULL,'2011-05-04 10:24:40','','',37),(2188,1,12,1,12,NULL,'2011-05-04 10:25:07','','',37),(2189,1,57,1,57,NULL,'2011-05-04 10:25:12','','',37),(2190,1,58,1,58,NULL,'2011-05-04 10:25:17','','',37),(2191,10,63,1,63,NULL,'2011-05-04 10:27:09','','',37),(2192,1,63,1,63,NULL,'2011-05-04 10:27:17','','',37),(2193,20,63,2,124,NULL,'2011-05-04 10:27:32','','',37),(2194,2,63,2,124,NULL,'2011-05-04 10:27:39','','',37),(2195,1,63,1,63,NULL,'2011-05-04 10:33:13','','',37),(2196,1,63,1,63,NULL,'2011-05-04 10:33:18','','',37),(2197,8,76,1,76,NULL,'2011-05-04 10:33:33','','',37),(2198,1,76,1,76,NULL,'2011-05-04 10:33:36','','',37),(2199,20,76,2,125,NULL,'2011-05-04 10:33:51','','',37),(2200,8,77,1,77,NULL,'2011-05-04 10:34:12','','',37),(2201,1,77,1,77,NULL,'2011-05-04 10:34:14','','',37),(2202,1,2,1,2,NULL,'2011-05-04 11:13:53','','',9),(2203,1,12,1,12,NULL,'2011-05-04 11:29:15','','',37),(2204,1,57,1,57,NULL,'2011-05-04 11:29:20','','',37),(2205,1,58,1,58,NULL,'2011-05-04 11:29:24','','',37),(2206,1,58,1,58,NULL,'2011-05-04 11:37:11','','',37),(2207,1,2,1,2,NULL,'2011-05-04 11:40:44','','',9),(2208,1,58,1,58,NULL,'2011-05-04 11:41:07','','',37),(2209,1,12,1,12,NULL,'2011-05-04 11:41:39','','',37),(2210,1,57,1,57,NULL,'2011-05-04 11:41:57','','',37),(2211,1,58,1,58,NULL,'2011-05-04 11:42:03','','',37),(2212,1,77,1,77,NULL,'2011-05-04 11:42:19','','',37),(2213,1,76,1,76,NULL,'2011-05-04 11:42:27','','',37),(2214,1,58,1,58,NULL,'2011-05-04 11:53:12','','',37),(2215,1,58,1,58,NULL,'2011-05-04 11:53:13','','',37),(2216,1,2,1,2,NULL,'2011-05-04 11:54:58','','',9),(2217,10,61,1,61,NULL,'2011-05-04 11:55:33','','',37),(2218,1,61,1,61,NULL,'2011-05-04 11:56:08','','',37),(2219,1,57,1,57,NULL,'2011-05-04 11:56:57','','',37),(2220,1,12,1,12,NULL,'2011-05-04 11:56:59','','',37),(2221,10,11,1,11,NULL,'2011-05-04 11:57:07','','',37),(2222,1,57,1,57,NULL,'2011-05-04 11:57:12','','',37),(2223,10,64,1,64,NULL,'2011-05-04 11:57:29','','',37),(2224,1,64,1,64,NULL,'2011-05-04 11:57:34','','',37),(2225,1,58,1,58,NULL,'2011-05-04 11:57:50','','',37),(2226,10,11,1,11,NULL,'2011-05-04 12:00:09','','',37),(2227,1,57,1,57,NULL,'2011-05-04 12:00:19','','',37),(2228,1,58,1,58,NULL,'2011-05-04 12:00:28','','',37),(2229,1,12,1,12,NULL,'2011-05-04 12:01:45','','',37),(2230,1,57,1,57,NULL,'2011-05-04 12:01:54','','',37),(2231,10,11,1,11,NULL,'2011-05-04 12:03:48','','',37),(2232,1,12,1,12,NULL,'2011-05-04 12:05:01','','',37),(2233,1,57,1,57,NULL,'2011-05-04 12:06:17','','',37),(2234,1,58,1,58,NULL,'2011-05-04 12:06:21','','',37),(2235,1,2,1,2,NULL,'2011-05-04 12:06:37','','',9),(2236,1,57,1,57,NULL,'2011-05-04 12:09:52','','',37),(2237,1,57,1,57,NULL,'2011-05-04 12:10:17','','',37),(2238,1,58,1,58,NULL,'2011-05-04 12:12:31','','',37),(2239,1,2,1,2,NULL,'2011-05-04 12:20:31','','',9),(2240,10,27,1,27,NULL,'2011-05-04 12:20:47','','',37),(2241,1,54,1,54,NULL,'2011-05-04 12:20:59','','',37),(2242,1,27,1,27,NULL,'2011-05-04 12:21:32','','',37),(2243,1,57,1,57,NULL,'2011-05-04 12:27:31','','',37),(2244,1,58,1,58,NULL,'2011-05-04 12:27:36','','',37),(2245,10,63,1,63,NULL,'2011-05-04 12:28:14','','',37),(2246,1,77,1,77,NULL,'2011-05-04 12:28:20','','',37),(2247,1,76,1,76,NULL,'2011-05-04 12:28:24','','',37),(2248,1,63,1,63,NULL,'2011-05-04 12:28:31','','',37),(2249,8,78,1,78,NULL,'2011-05-04 12:28:40','','',37),(2250,1,78,1,78,NULL,'2011-05-04 12:28:42','','',37),(2251,20,78,2,126,NULL,'2011-05-04 12:28:56','','',37),(2252,1,76,1,76,NULL,'2011-05-04 12:29:01','','',37),(2253,1,77,1,77,NULL,'2011-05-04 12:29:03','','',37),(2254,1,78,1,78,NULL,'2011-05-04 12:29:06','','',37),(2255,1,15,1,15,NULL,'2011-05-04 12:29:26','','',9),(2256,1,47,1,47,NULL,'2011-05-04 12:29:29','','',9),(2257,1,3,1,3,NULL,'2011-05-04 12:29:33','','',9),(2258,1,3,1,3,NULL,'2011-05-04 12:30:08','','',9),(2259,1,5,1,5,NULL,'2011-05-04 12:30:16','','',9),(2260,1,14,1,14,NULL,'2011-05-04 12:30:26','','',9),(2261,1,7,1,7,NULL,'2011-05-04 12:30:31','','',9),(2262,1,47,1,47,NULL,'2011-05-04 12:30:33','','',9),(2263,1,4,1,4,NULL,'2011-05-04 12:30:35','','',9),(2264,1,14,1,14,NULL,'2011-05-04 12:30:37','','',9),(2265,2,14,2,34,NULL,'2011-05-04 12:30:45','','',9),(2266,1,27,1,27,NULL,'2011-05-04 12:31:09','','',37),(2267,1,47,1,47,NULL,'2011-05-04 12:31:36','','',9),(2268,10,27,1,27,NULL,'2011-05-04 12:32:13','','',38),(2269,1,54,1,54,NULL,'2011-05-04 12:32:20','','',38),(2270,1,54,1,54,NULL,'2011-05-04 12:32:27','','',38),(2271,1,54,1,54,NULL,'2011-05-04 12:33:37','','',38),(2272,1,76,1,76,NULL,'2011-05-04 12:34:31','','',37),(2273,1,77,1,77,NULL,'2011-05-04 12:34:38','','',37),(2274,10,48,1,48,NULL,'2011-05-04 12:34:47','','',37),(2275,1,48,1,48,NULL,'2011-05-04 12:34:51','','',37),(2276,1,48,1,48,NULL,'2011-05-04 12:35:11','','',37),(2277,1,48,1,48,NULL,'2011-05-04 12:37:07','','',37),(2278,1,48,1,48,NULL,'2011-05-04 12:37:10','','',37),(2279,1,54,1,54,NULL,'2011-05-04 12:48:23','','',38),(2280,10,27,1,27,NULL,'2011-05-04 12:49:07','','',9),(2281,1,54,1,54,NULL,'2011-05-04 12:49:11','','',9),(2282,1,27,1,27,NULL,'2011-05-04 12:52:59','','',37),(2283,9,79,1,79,NULL,'2011-05-04 12:53:21','','',37),(2284,10,79,1,79,NULL,'2011-05-04 12:53:38','','',37),(2285,8,80,1,80,NULL,'2011-05-04 12:53:44','','',37),(2286,8,81,1,81,NULL,'2011-05-04 12:53:46','','',37),(2287,1,80,1,80,NULL,'2011-05-04 12:53:50','','',37),(2288,8,82,1,82,NULL,'2011-05-04 12:53:51','','',37),(2289,3,80,1,80,'{\"o\":\"New node\",\"n\":\"dev\"}','2011-05-04 12:53:56','','',37),(2290,3,81,1,81,'{\"o\":\"New node\",\"n\":\"prod\"}','2011-05-04 12:54:03','','',37),(2291,3,82,1,82,'{\"o\":\"New node\",\"n\":\"preprod\"}','2011-05-04 12:54:18','','',37),(2292,20,80,2,127,NULL,'2011-05-04 12:54:30','','',37),(2293,1,81,1,81,NULL,'2011-05-04 12:54:37','','',37),(2294,20,81,2,128,NULL,'2011-05-04 12:55:04','','',37),(2295,1,82,1,82,NULL,'2011-05-04 12:55:07','','',37),(2296,20,82,2,129,NULL,'2011-05-04 12:55:47','','',37),(2297,20,82,2,130,NULL,'2011-05-04 12:55:47','','',37),(2298,20,82,2,131,NULL,'2011-05-04 12:55:47','','',37),(2299,22,NULL,2,131,NULL,'2011-05-04 12:55:56','','',37),(2300,22,NULL,2,130,NULL,'2011-05-04 12:56:06','','',37),(2301,1,81,1,81,NULL,'2011-05-04 12:56:09','','',37),(2302,1,80,1,80,NULL,'2011-05-04 12:56:12','','',37),(2303,1,82,1,82,NULL,'2011-05-04 12:56:36','','',37),(2304,1,80,1,80,NULL,'2011-05-04 12:56:38','','',37),(2305,40,80,1,80,'{\"aro_id\":\"2\",\"aro_ref_id\":\"51\",\"perms\":{\"_read\":1,\"_write\":1,\"_manage\":1}}','2011-05-04 12:57:03','','',37),(2306,1,81,1,81,NULL,'2011-05-04 12:57:06','','',37),(2307,40,81,1,81,'{\"aro_id\":\"2\",\"aro_ref_id\":\"39\",\"perms\":{\"_read\":1,\"_write\":1,\"_manage\":1}}','2011-05-04 12:57:24','','',37),(2308,1,82,1,82,NULL,'2011-05-04 12:57:27','','',37),(2309,40,82,1,82,'{\"aro_id\":\"2\",\"aro_ref_id\":\"38\",\"perms\":{\"_read\":1,\"_write\":1,\"_manage\":0}}','2011-05-04 12:57:44','','',37),(2310,1,80,1,80,NULL,'2011-05-04 12:57:52','','',37),(2311,1,81,1,81,NULL,'2011-05-04 12:57:54','','',37),(2312,1,82,1,82,NULL,'2011-05-04 12:57:57','','',37),(2313,1,54,1,54,NULL,'2011-05-04 12:58:12','','',9),(2314,10,11,1,11,NULL,'2011-05-05 05:13:43','','',37),(2315,1,57,1,57,NULL,'2011-05-05 05:14:59','','',37),(2316,1,58,1,58,NULL,'2011-05-05 05:15:05','','',37),(2317,1,12,1,12,NULL,'2011-05-05 05:15:11','','',37),(2318,1,57,1,57,NULL,'2011-05-05 05:15:18','','',37),(2319,1,57,1,57,NULL,'2011-05-05 05:15:27','','',37),(2320,1,12,1,12,NULL,'2011-05-05 05:15:30','','',37),(2321,10,61,1,61,NULL,'2011-05-05 05:27:15','','',37),(2322,1,61,1,61,NULL,'2011-05-05 05:27:20','','',37),(2323,1,61,1,61,NULL,'2011-05-05 05:30:53','','',37),(2324,1,61,1,61,NULL,'2011-05-05 05:42:55','','',37),(2325,1,61,1,61,NULL,'2011-05-05 05:43:00','','',37),(2326,2,61,2,101,NULL,'2011-05-05 05:43:05','','',37),(2327,1,61,1,61,NULL,'2011-05-05 05:50:17','','',37),(2328,1,61,1,61,NULL,'2011-05-05 06:15:33','','',37),(2329,1,61,1,61,NULL,'2011-05-05 06:15:52','','',37),(2330,1,61,1,61,NULL,'2011-05-05 06:15:56','','',37),(2331,10,71,1,71,NULL,'2011-05-05 06:17:02','','',37),(2332,1,71,1,71,NULL,'2011-05-05 06:17:11','','',37),(2333,1,71,1,71,NULL,'2011-05-05 06:18:05','','',37),(2334,1,NULL,1,NULL,NULL,'2011-05-05 06:18:30','','',37),(2335,1,71,1,71,NULL,'2011-05-05 06:26:20','','',37),(2336,1,71,1,71,NULL,'2011-05-05 06:40:09','','',37),(2337,1,71,1,71,NULL,'2011-05-05 07:03:46','','',37),(2338,1,71,1,71,NULL,'2011-05-05 07:19:58','','',37),(2339,1,71,1,71,NULL,'2011-05-05 07:20:24','','',37),(2340,10,11,1,11,NULL,'2011-05-05 08:52:42','','',37),(2341,1,57,1,57,NULL,'2011-05-05 08:53:08','','',37),(2342,1,57,1,57,NULL,'2011-05-05 09:03:05','','',37),(2343,10,11,1,11,NULL,'2011-05-06 10:15:57','','',37),(2344,10,83,1,83,NULL,'2011-05-09 16:11:37','','',17),(2345,10,1,1,1,NULL,'2011-05-09 16:12:46','','',17),(2346,10,88,1,88,NULL,'2011-05-09 18:21:13','122.176.215.2','Mozilla/5.0 (Windows NT 6.1; rv:2.0.1) Gecko/20100101 Firefox/4.0.1',17),(2347,1,88,1,88,NULL,'2011-05-09 18:21:27','122.176.215.2','Mozilla/5.0 (Windows NT 6.1; rv:2.0.1) Gecko/20100101 Firefox/4.0.1',17),(2348,1,92,1,92,NULL,'2011-05-12 06:12:20','122.160.95.13','Mozilla/5.0 (Windows; U; Windows NT 5.1; en-US; rv:1.9.2.3) Gecko/20100401 Firefox/3.6.3 (.NET CLR 3.5.30729)',38),(2349,1,92,1,92,NULL,'2011-05-12 06:12:27','122.160.95.13','Mozilla/5.0 (Windows; U; Windows NT 5.1; en-US; rv:1.9.2.3) Gecko/20100401 Firefox/3.6.3 (.NET CLR 3.5.30729)',38),(2350,1,92,1,92,NULL,'2011-05-12 06:12:29','122.160.95.13','Mozilla/5.0 (Windows; U; Windows NT 5.1; en-US; rv:1.9.2.3) Gecko/20100401 Firefox/3.6.3 (.NET CLR 3.5.30729)',38),(2351,1,92,1,92,NULL,'2011-05-12 06:13:31','122.160.95.13','Mozilla/5.0 (Windows; U; Windows NT 5.1; en-US; rv:1.9.2.3) Gecko/20100401 Firefox/3.6.3 (.NET CLR 3.5.30729)',38),(2352,1,91,1,91,NULL,'2011-05-12 07:33:12','122.160.95.13','Mozilla/5.0 (Windows; U; Windows NT 5.1; en-US; rv:1.9.2.3) Gecko/20100401 Firefox/3.6.3 (.NET CLR 3.5.30729)',37),(2353,1,91,1,91,NULL,'2011-05-12 07:33:18','122.160.95.13','Mozilla/5.0 (Windows; U; Windows NT 5.1; en-US; rv:1.9.2.3) Gecko/20100401 Firefox/3.6.3 (.NET CLR 3.5.30729)',37),(2354,10,11,1,11,NULL,'2011-05-12 07:33:21','122.160.95.13','Mozilla/5.0 (Windows; U; Windows NT 5.1; en-US; rv:1.9.2.3) Gecko/20100401 Firefox/3.6.3 (.NET CLR 3.5.30729)',37),(2355,1,57,1,57,NULL,'2011-05-12 07:33:27','122.160.95.13','Mozilla/5.0 (Windows; U; Windows NT 5.1; en-US; rv:1.9.2.3) Gecko/20100401 Firefox/3.6.3 (.NET CLR 3.5.30729)',37),(2356,1,58,1,58,NULL,'2011-05-12 07:33:31','122.160.95.13','Mozilla/5.0 (Windows; U; Windows NT 5.1; en-US; rv:1.9.2.3) Gecko/20100401 Firefox/3.6.3 (.NET CLR 3.5.30729)',37),(2357,1,12,1,12,NULL,'2011-05-12 07:33:38','122.160.95.13','Mozilla/5.0 (Windows; U; Windows NT 5.1; en-US; rv:1.9.2.3) Gecko/20100401 Firefox/3.6.3 (.NET CLR 3.5.30729)',37),(2358,1,12,1,12,NULL,'2011-05-12 07:33:45','122.160.95.13','Mozilla/5.0 (Windows; U; Windows NT 5.1; en-US; rv:1.9.2.3) Gecko/20100401 Firefox/3.6.3 (.NET CLR 3.5.30729)',37),(2359,1,57,1,57,NULL,'2011-05-12 07:35:08','122.160.95.13','Mozilla/5.0 (Windows; U; Windows NT 5.1; en-US; rv:1.9.2.3) Gecko/20100401 Firefox/3.6.3 (.NET CLR 3.5.30729)',37),(2360,1,58,1,58,NULL,'2011-05-12 07:35:12','122.160.95.13','Mozilla/5.0 (Windows; U; Windows NT 5.1; en-US; rv:1.9.2.3) Gecko/20100401 Firefox/3.6.3 (.NET CLR 3.5.30729)',37),(2361,10,91,1,91,NULL,'2011-05-12 07:35:16','122.160.95.13','Mozilla/5.0 (Windows; U; Windows NT 5.1; en-US; rv:1.9.2.3) Gecko/20100401 Firefox/3.6.3 (.NET CLR 3.5.30729)',37),(2362,1,88,1,88,NULL,'2011-05-12 16:17:27','122.163.199.2','Mozilla/5.0 (Windows NT 6.1; rv:2.0.1) Gecko/20100101 Firefox/4.0.1',17),(2363,20,88,2,132,NULL,'2011-05-12 16:18:20','122.163.199.2','Mozilla/5.0 (Windows NT 6.1; rv:2.0.1) Gecko/20100101 Firefox/4.0.1',17),(2364,10,1,1,1,NULL,'2011-05-14 19:49:14','122.176.227.2','Mozilla/5.0 (iPad; U; CPU OS 4_3_3 like Mac OS X; fr-fr) AppleWebKit/533.17.9 (KHTML, like Gecko) Version/5.0.2 Mobile/8J2 Safari/6533.18.5',17),(2365,1,1,1,1,NULL,'2011-05-14 19:49:37','122.176.227.2','Mozilla/5.0 (iPad; U; CPU OS 4_3_3 like Mac OS X; fr-fr) AppleWebKit/533.17.9 (KHTML, like Gecko) Version/5.0.2 Mobile/8J2 Safari/6533.18.5',17),(2366,1,88,1,88,NULL,'2011-05-16 10:47:51','122.160.95.13','Mozilla/5.0 (Windows NT 6.1; rv:2.0.1) Gecko/20100101 Firefox/4.0.1',17),(2367,10,1,1,1,NULL,'2011-05-16 10:48:42','122.160.95.13','Mozilla/5.0 (Windows NT 6.1; rv:2.0.1) Gecko/20100101 Firefox/4.0.1',17),(2368,1,1,1,1,NULL,'2011-05-16 10:48:46','122.160.95.13','Mozilla/5.0 (Windows NT 6.1; rv:2.0.1) Gecko/20100101 Firefox/4.0.1',17),(2369,10,1,1,1,NULL,'2011-06-03 13:22:44','122.160.95.13','Mozilla/5.0 (Windows; U; Windows NT 6.1; en-US; rv:1.9.2.17) Gecko/20110420 AlexaToolbar/alxf-2.11 Firefox/3.6.17',37),(2370,10,27,1,27,NULL,'2011-06-03 13:22:50','122.160.95.13','Mozilla/5.0 (Windows; U; Windows NT 6.1; en-US; rv:1.9.2.17) Gecko/20110420 AlexaToolbar/alxf-2.11 Firefox/3.6.17',37),(2371,10,61,1,61,NULL,'2011-06-03 13:22:55','122.160.95.13','Mozilla/5.0 (Windows; U; Windows NT 6.1; en-US; rv:1.9.2.17) Gecko/20110420 AlexaToolbar/alxf-2.11 Firefox/3.6.17',37),(2372,10,64,1,64,NULL,'2011-06-03 13:23:04','122.160.95.13','Mozilla/5.0 (Windows; U; Windows NT 6.1; en-US; rv:1.9.2.17) Gecko/20110420 AlexaToolbar/alxf-2.11 Firefox/3.6.17',37),(2373,9,109,1,109,NULL,'2011-06-06 05:13:46','122.160.95.13','Mozilla/5.0 (Windows; U; Windows NT 6.1; en-US; rv:1.9.2.17) Gecko/20110420 AlexaToolbar/alxf-2.11 Firefox/3.6.17',37),(2374,10,109,1,109,NULL,'2011-06-06 05:13:54','122.160.95.13','Mozilla/5.0 (Windows; U; Windows NT 6.1; en-US; rv:1.9.2.17) Gecko/20110420 AlexaToolbar/alxf-2.11 Firefox/3.6.17',37),(2375,10,11,1,11,NULL,'2011-06-06 05:14:47','122.160.95.13','Mozilla/5.0 (Windows; U; Windows NT 6.1; en-US; rv:1.9.2.17) Gecko/20110420 AlexaToolbar/alxf-2.11 Firefox/3.6.17',37),(2376,10,11,1,11,NULL,'2011-06-06 05:14:54','122.160.95.13','Mozilla/5.0 (Windows; U; Windows NT 6.1; en-US; rv:1.9.2.17) Gecko/20110420 AlexaToolbar/alxf-2.11 Firefox/3.6.17',37),(2377,10,11,1,11,NULL,'2011-06-06 05:15:03','122.160.95.13','Mozilla/5.0 (Windows; U; Windows NT 6.1; en-US; rv:1.9.2.17) Gecko/20110420 AlexaToolbar/alxf-2.11 Firefox/3.6.17',37),(2378,1,109,1,109,NULL,'2011-06-06 05:15:24','122.160.95.13','Mozilla/5.0 (Windows; U; Windows NT 6.1; en-US; rv:1.9.2.17) Gecko/20110420 AlexaToolbar/alxf-2.11 Firefox/3.6.17',37),(2379,10,11,1,11,NULL,'2011-06-06 05:15:33','122.160.95.13','Mozilla/5.0 (Windows; U; Windows NT 6.1; en-US; rv:1.9.2.17) Gecko/20110420 AlexaToolbar/alxf-2.11 Firefox/3.6.17',37),(2380,1,109,1,109,NULL,'2011-06-06 05:15:35','122.160.95.13','Mozilla/5.0 (Windows; U; Windows NT 6.1; en-US; rv:1.9.2.17) Gecko/20110420 AlexaToolbar/alxf-2.11 Firefox/3.6.17',37),(2381,10,61,1,61,NULL,'2011-06-06 05:15:56','122.160.95.13','Mozilla/5.0 (Windows; U; Windows NT 6.1; en-US; rv:1.9.2.17) Gecko/20110420 AlexaToolbar/alxf-2.11 Firefox/3.6.17',37),(2382,1,109,1,109,NULL,'2011-06-06 05:15:57','122.160.95.13','Mozilla/5.0 (Windows; U; Windows NT 6.1; en-US; rv:1.9.2.17) Gecko/20110420 AlexaToolbar/alxf-2.11 Firefox/3.6.17',37),(2383,10,11,1,11,NULL,'2011-06-06 05:22:45','122.160.95.13','Mozilla/5.0 (Windows; U; Windows NT 5.1; en-US; rv:1.9.2.3) Gecko/20100401 Firefox/3.6.3 (.NET CLR 3.5.30729)',37),(2384,10,11,1,11,NULL,'2011-06-06 05:22:52','122.160.95.13','Mozilla/5.0 (Windows; U; Windows NT 5.1; en-US; rv:1.9.2.3) Gecko/20100401 Firefox/3.6.3 (.NET CLR 3.5.30729)',37),(2385,10,27,1,27,NULL,'2011-06-06 05:22:55','122.160.95.13','Mozilla/5.0 (Windows; U; Windows NT 5.1; en-US; rv:1.9.2.3) Gecko/20100401 Firefox/3.6.3 (.NET CLR 3.5.30729)',37),(2386,10,79,1,79,NULL,'2011-06-06 05:23:02','122.160.95.13','Mozilla/5.0 (Windows; U; Windows NT 5.1; en-US; rv:1.9.2.3) Gecko/20100401 Firefox/3.6.3 (.NET CLR 3.5.30729)',37),(2387,1,109,1,109,NULL,'2011-06-06 05:23:33','122.160.95.13','Mozilla/5.0 (Windows; U; Windows NT 5.1; en-US; rv:1.9.2.3) Gecko/20100401 Firefox/3.6.3 (.NET CLR 3.5.30729)',37),(2388,10,91,1,91,NULL,'2011-06-06 05:23:49','122.160.95.13','Mozilla/5.0 (Windows; U; Windows NT 5.1; en-US; rv:1.9.2.3) Gecko/20100401 Firefox/3.6.3 (.NET CLR 3.5.30729)',37),(2389,1,109,1,109,NULL,'2011-06-06 05:23:51','122.160.95.13','Mozilla/5.0 (Windows; U; Windows NT 5.1; en-US; rv:1.9.2.3) Gecko/20100401 Firefox/3.6.3 (.NET CLR 3.5.30729)',37),(2390,10,64,1,64,NULL,'2011-06-06 05:23:56','122.160.95.13','Mozilla/5.0 (Windows; U; Windows NT 5.1; en-US; rv:1.9.2.3) Gecko/20100401 Firefox/3.6.3 (.NET CLR 3.5.30729)',37),(2391,1,109,1,109,NULL,'2011-06-06 05:23:57','122.160.95.13','Mozilla/5.0 (Windows; U; Windows NT 5.1; en-US; rv:1.9.2.3) Gecko/20100401 Firefox/3.6.3 (.NET CLR 3.5.30729)',37),(2392,1,109,1,109,NULL,'2011-06-06 05:32:43','122.160.95.13','Mozilla/5.0 (Windows; U; Windows NT 6.1; en-US; rv:1.9.2.17) Gecko/20110420 AlexaToolbar/alxf-2.11 Firefox/3.6.17',37),(2393,1,109,1,109,NULL,'2011-06-06 06:02:11','122.160.95.13','Mozilla/5.0 (Windows; U; Windows NT 6.1; en-US; rv:1.9.2.17) Gecko/20110420 AlexaToolbar/alxf-2.11 Firefox/3.6.17',37),(2394,10,27,1,27,NULL,'2011-06-10 10:36:38','122.160.95.13','Mozilla/5.0 (Windows; U; Windows NT 5.1; en-US; rv:1.9.2.3) Gecko/20100401 Firefox/3.6.3 (.NET CLR 3.5.30729)',37),(2395,1,91,1,91,NULL,'2011-06-10 10:37:39','122.160.95.13','Mozilla/5.0 (Windows; U; Windows NT 5.1; en-US; rv:1.9.2.3) Gecko/20100401 Firefox/3.6.3 (.NET CLR 3.5.30729)',37),(2396,1,54,1,54,NULL,'2011-06-10 10:38:28','122.160.95.13','Mozilla/5.0 (Windows; U; Windows NT 5.1; en-US; rv:1.9.2.3) Gecko/20100401 Firefox/3.6.3 (.NET CLR 3.5.30729)',37),(2397,1,27,1,27,NULL,'2011-06-10 10:38:33','122.160.95.13','Mozilla/5.0 (Windows; U; Windows NT 5.1; en-US; rv:1.9.2.3) Gecko/20100401 Firefox/3.6.3 (.NET CLR 3.5.30729)',37),(2398,4,54,1,54,NULL,'2011-06-10 10:38:34','122.160.95.13','Mozilla/5.0 (Windows; U; Windows NT 5.1; en-US; rv:1.9.2.3) Gecko/20100401 Firefox/3.6.3 (.NET CLR 3.5.30729)',37),(2399,1,27,1,27,NULL,'2011-06-10 11:48:56','122.160.95.13','Mozilla/5.0 (Windows; U; Windows NT 5.1; en-US; rv:1.9.2.3) Gecko/20100401 Firefox/3.6.3 (.NET CLR 3.5.30729)',37),(2400,10,61,1,61,NULL,'2011-06-10 11:49:11','122.160.95.13','Mozilla/5.0 (Windows; U; Windows NT 5.1; en-US; rv:1.9.2.3) Gecko/20100401 Firefox/3.6.3 (.NET CLR 3.5.30729)',37),(2401,1,61,1,61,NULL,'2011-06-10 11:49:19','122.160.95.13','Mozilla/5.0 (Windows; U; Windows NT 5.1; en-US; rv:1.9.2.3) Gecko/20100401 Firefox/3.6.3 (.NET CLR 3.5.30729)',37),(2402,1,61,1,61,NULL,'2011-06-10 11:49:20','122.160.95.13','Mozilla/5.0 (Windows; U; Windows NT 5.1; en-US; rv:1.9.2.3) Gecko/20100401 Firefox/3.6.3 (.NET CLR 3.5.30729)',37),(2403,10,79,1,79,NULL,'2011-06-10 11:49:30','122.160.95.13','Mozilla/5.0 (Windows; U; Windows NT 5.1; en-US; rv:1.9.2.3) Gecko/20100401 Firefox/3.6.3 (.NET CLR 3.5.30729)',37),(2404,1,61,1,61,NULL,'2011-06-10 11:49:32','122.160.95.13','Mozilla/5.0 (Windows; U; Windows NT 5.1; en-US; rv:1.9.2.3) Gecko/20100401 Firefox/3.6.3 (.NET CLR 3.5.30729)',37),(2405,1,61,1,61,NULL,'2011-06-10 11:49:37','122.160.95.13','Mozilla/5.0 (Windows; U; Windows NT 5.1; en-US; rv:1.9.2.3) Gecko/20100401 Firefox/3.6.3 (.NET CLR 3.5.30729)',37),(2406,10,1,1,1,NULL,'2011-06-10 11:49:45','122.160.95.13','Mozilla/5.0 (Windows; U; Windows NT 5.1; en-US; rv:1.9.2.3) Gecko/20100401 Firefox/3.6.3 (.NET CLR 3.5.30729)',37),(2407,1,61,1,61,NULL,'2011-06-10 11:49:48','122.160.95.13','Mozilla/5.0 (Windows; U; Windows NT 5.1; en-US; rv:1.9.2.3) Gecko/20100401 Firefox/3.6.3 (.NET CLR 3.5.30729)',37),(2408,1,61,1,61,NULL,'2011-06-10 11:50:08','122.160.95.13','Mozilla/5.0 (Windows; U; Windows NT 5.1; en-US; rv:1.9.2.3) Gecko/20100401 Firefox/3.6.3 (.NET CLR 3.5.30729)',37),(2409,1,61,1,61,NULL,'2011-06-10 11:51:12','122.160.95.13','Mozilla/5.0 (Windows; U; Windows NT 5.1; en-US; rv:1.9.2.3) Gecko/20100401 Firefox/3.6.3 (.NET CLR 3.5.30729)',37),(2410,1,61,1,61,NULL,'2011-06-10 11:54:21','122.160.95.13','Mozilla/5.0 (Windows; U; Windows NT 5.1; en-US; rv:1.9.2.3) Gecko/20100401 Firefox/3.6.3 (.NET CLR 3.5.30729)',37),(2411,1,61,1,61,NULL,'2011-06-10 11:55:01','122.160.95.13','Mozilla/5.0 (Windows; U; Windows NT 5.1; en-US; rv:1.9.2.3) Gecko/20100401 Firefox/3.6.3 (.NET CLR 3.5.30729)',37),(2412,1,61,1,61,NULL,'2011-06-10 11:55:36','122.160.95.13','Mozilla/5.0 (Windows; U; Windows NT 5.1; en-US; rv:1.9.2.3) Gecko/20100401 Firefox/3.6.3 (.NET CLR 3.5.30729)',37),(2413,1,61,1,61,NULL,'2011-06-10 11:56:12','122.160.95.13','Mozilla/5.0 (Windows; U; Windows NT 5.1; en-US; rv:1.9.2.3) Gecko/20100401 Firefox/3.6.3 (.NET CLR 3.5.30729)',37),(2414,1,61,1,61,NULL,'2011-06-10 11:56:48','122.160.95.13','Mozilla/5.0 (Windows; U; Windows NT 5.1; en-US; rv:1.9.2.3) Gecko/20100401 Firefox/3.6.3 (.NET CLR 3.5.30729)',37),(2415,1,61,1,61,NULL,'2011-06-10 11:58:37','122.160.95.13','Mozilla/5.0 (Windows; U; Windows NT 5.1; en-US; rv:1.9.2.3) Gecko/20100401 Firefox/3.6.3 (.NET CLR 3.5.30729)',37),(2416,1,61,1,61,NULL,'2011-06-10 12:00:11','122.160.95.13','Mozilla/5.0 (Windows; U; Windows NT 5.1; en-US; rv:1.9.2.3) Gecko/20100401 Firefox/3.6.3 (.NET CLR 3.5.30729)',37),(2417,1,61,1,61,NULL,'2011-06-10 12:01:47','122.160.95.13','Mozilla/5.0 (Windows; U; Windows NT 5.1; en-US; rv:1.9.2.3) Gecko/20100401 Firefox/3.6.3 (.NET CLR 3.5.30729)',37),(2418,1,61,1,61,NULL,'2011-06-10 12:02:33','122.160.95.13','Mozilla/5.0 (Windows; U; Windows NT 5.1; en-US; rv:1.9.2.3) Gecko/20100401 Firefox/3.6.3 (.NET CLR 3.5.30729)',37),(2419,1,61,1,61,NULL,'2011-06-10 12:06:14','122.160.95.13','Mozilla/5.0 (Windows; U; Windows NT 5.1; en-US; rv:1.9.2.3) Gecko/20100401 Firefox/3.6.3 (.NET CLR 3.5.30729)',37),(2420,1,88,1,88,NULL,'2011-11-02 17:06:49','122.176.202.8','Mozilla/5.0 (Windows NT 6.1; WOW64; rv:7.0.1) Gecko/20100101 Firefox/7.0.1',17),(2421,2,88,2,132,NULL,'2011-11-02 17:06:54','122.176.202.8','Mozilla/5.0 (Windows NT 6.1; WOW64; rv:7.0.1) Gecko/20100101 Firefox/7.0.1',17),(2422,1,5,1,5,NULL,'2011-11-02 17:07:08','122.176.202.8','Mozilla/5.0 (Windows NT 6.1; WOW64; rv:7.0.1) Gecko/20100101 Firefox/7.0.1',17),(2423,1,110,1,110,NULL,'2011-11-02 17:08:43','122.176.202.8','Mozilla/5.0 (Windows NT 6.1; WOW64; rv:7.0.1) Gecko/20100101 Firefox/7.0.1',55),(2424,8,111,1,111,NULL,'2011-11-02 17:41:59','194.203.215.2','Mozilla/5.0 (Windows; U; Windows NT 5.1; en-GB; rv:1.9.2.23) Gecko/20110920 Firefox/3.6.23',55),(2425,3,111,1,111,'{\"o\":\"New node\",\"n\":\"pasword1\"}','2011-11-02 17:42:11','194.203.215.2','Mozilla/5.0 (Windows; U; Windows NT 5.1; en-GB; rv:1.9.2.23) Gecko/20110920 Firefox/3.6.23',55),(2426,1,110,1,110,NULL,'2011-12-26 10:32:23','188.7.11.195','Mozilla/5.0 (Macintosh; Intel Mac OS X 10.6; rv:8.0.1) Gecko/20100101 Firefox/8.0.1',55),(2427,1,110,1,110,NULL,'2011-12-26 11:00:20','188.7.11.195','Mozilla/5.0 (Macintosh; Intel Mac OS X 10.6; rv:8.0.1) Gecko/20100101 Firefox/8.0.1',55),(2428,8,112,1,112,NULL,'2011-12-26 11:00:33','188.7.11.195','Mozilla/5.0 (Macintosh; Intel Mac OS X 10.6; rv:8.0.1) Gecko/20100101 Firefox/8.0.1',55),(2429,1,110,1,110,NULL,'2011-12-26 11:47:15','188.7.11.195','Mozilla/5.0 (Macintosh; Intel Mac OS X 10.6; rv:8.0.1) Gecko/20100101 Firefox/8.0.1',55),(2430,1,111,1,111,NULL,'2011-12-26 11:47:22','188.7.11.195','Mozilla/5.0 (Macintosh; Intel Mac OS X 10.6; rv:8.0.1) Gecko/20100101 Firefox/8.0.1',55),(2431,3,111,1,111,'{\"o\":\"pasword1\",\"n\":\"web application\"}','2011-12-26 11:47:35','188.7.11.195','Mozilla/5.0 (Macintosh; Intel Mac OS X 10.6; rv:8.0.1) Gecko/20100101 Firefox/8.0.1',55),(2432,9,113,1,113,NULL,'2011-12-26 11:48:15','188.7.11.195','Mozilla/5.0 (Macintosh; Intel Mac OS X 10.6; rv:8.0.1) Gecko/20100101 Firefox/8.0.1',55),(2433,20,111,2,133,NULL,'2011-12-26 12:00:05','188.7.11.195','Mozilla/5.0 (Macintosh; Intel Mac OS X 10.6; rv:8.0.1) Gecko/20100101 Firefox/8.0.1',55),(2434,2,111,2,133,NULL,'2011-12-26 12:00:10','188.7.11.195','Mozilla/5.0 (Macintosh; Intel Mac OS X 10.6; rv:8.0.1) Gecko/20100101 Firefox/8.0.1',55),(2435,1,111,1,111,NULL,'2011-12-26 12:02:28','188.7.11.195','Mozilla/5.0 (Macintosh; Intel Mac OS X 10.6; rv:8.0.1) Gecko/20100101 Firefox/8.0.1',55),(2436,23,111,2,133,NULL,'2011-12-26 12:04:00','188.7.11.195','Mozilla/5.0 (Macintosh; Intel Mac OS X 10.6; rv:8.0.1) Gecko/20100101 Firefox/8.0.1',55),(2437,1,113,1,113,NULL,'2011-12-29 16:27:50','188.7.11.195','Mozilla/5.0 (Macintosh; Intel Mac OS X 10.6; rv:8.0.1) Gecko/20100101 Firefox/8.0.1',55),(2438,20,113,2,134,NULL,'2011-12-29 16:28:55','188.7.11.195','Mozilla/5.0 (Macintosh; Intel Mac OS X 10.6; rv:8.0.1) Gecko/20100101 Firefox/8.0.1',55),(2439,2,113,2,134,NULL,'2011-12-29 16:29:11','188.7.11.195','Mozilla/5.0 (Macintosh; Intel Mac OS X 10.6; rv:8.0.1) Gecko/20100101 Firefox/8.0.1',55),(2440,24,113,2,134,NULL,'2011-12-29 16:30:05','188.7.11.195','Mozilla/5.0 (Macintosh; Intel Mac OS X 10.6; rv:8.0.1) Gecko/20100101 Firefox/8.0.1',55),(2441,20,113,2,135,NULL,'2011-12-29 16:31:29','188.7.11.195','Mozilla/5.0 (Macintosh; Intel Mac OS X 10.6; rv:8.0.1) Gecko/20100101 Firefox/8.0.1',55),(2442,20,113,2,136,NULL,'2011-12-29 16:32:36','188.7.11.195','Mozilla/5.0 (Macintosh; Intel Mac OS X 10.6; rv:8.0.1) Gecko/20100101 Firefox/8.0.1',55),(2443,1,113,1,113,NULL,'2011-12-29 16:32:43','188.7.11.195','Mozilla/5.0 (Macintosh; Intel Mac OS X 10.6; rv:8.0.1) Gecko/20100101 Firefox/8.0.1',55),(2444,23,113,2,134,NULL,'2011-12-29 16:33:33','188.7.11.195','Mozilla/5.0 (Macintosh; Intel Mac OS X 10.6; rv:8.0.1) Gecko/20100101 Firefox/8.0.1',55),(2445,23,113,2,134,NULL,'2011-12-29 16:33:38','188.7.11.195','Mozilla/5.0 (Macintosh; Intel Mac OS X 10.6; rv:8.0.1) Gecko/20100101 Firefox/8.0.1',55),(2446,23,113,2,134,NULL,'2011-12-29 16:35:36','188.7.11.195','Mozilla/5.0 (Macintosh; Intel Mac OS X 10.6; rv:8.0.1) Gecko/20100101 Firefox/8.0.1',55),(2447,23,113,2,134,NULL,'2011-12-29 16:36:17','188.7.11.195','Mozilla/5.0 (Macintosh; Intel Mac OS X 10.6; rv:8.0.1) Gecko/20100101 Firefox/8.0.1',55),(2448,23,113,2,134,NULL,'2011-12-29 16:36:22','188.7.11.195','Mozilla/5.0 (Macintosh; Intel Mac OS X 10.6; rv:8.0.1) Gecko/20100101 Firefox/8.0.1',55),(2449,9,114,1,114,NULL,'2011-12-29 16:38:26','188.7.11.195','Mozilla/5.0 (Macintosh; Intel Mac OS X 10.6; rv:8.0.1) Gecko/20100101 Firefox/8.0.1',55),(2450,1,113,1,113,NULL,'2011-12-29 16:42:15','188.7.11.195','Mozilla/5.0 (Macintosh; Intel Mac OS X 10.6; rv:8.0.1) Gecko/20100101 Firefox/8.0.1',55),(2451,1,113,1,113,NULL,'2011-12-29 16:50:32','188.7.11.195','Mozilla/5.0 (Macintosh; Intel Mac OS X 10.6; rv:8.0.1) Gecko/20100101 Firefox/8.0.1',55),(2452,1,113,1,113,NULL,'2011-12-29 16:50:38','188.7.11.195','Mozilla/5.0 (Macintosh; Intel Mac OS X 10.6; rv:8.0.1) Gecko/20100101 Firefox/8.0.1',55),(2453,1,113,1,113,NULL,'2011-12-29 16:52:32','188.7.11.195','Mozilla/5.0 (Macintosh; Intel Mac OS X 10.6; rv:8.0.1) Gecko/20100101 Firefox/8.0.1',55),(2454,20,113,2,137,NULL,'2011-12-29 16:52:58','188.7.11.195','Mozilla/5.0 (Macintosh; Intel Mac OS X 10.6; rv:8.0.1) Gecko/20100101 Firefox/8.0.1',55),(2455,1,113,1,113,NULL,'2011-12-29 16:55:28','188.7.11.195','Mozilla/5.0 (Macintosh; Intel Mac OS X 10.6; rv:8.0.1) Gecko/20100101 Firefox/8.0.1',55);
/*!40000 ALTER TABLE `events` ENABLE KEYS */;
UNLOCK TABLES;

--
-- Table structure for table `groups`
--

DROP TABLE IF EXISTS `groups`;
/*!40101 SET @saved_cs_client     = @@character_set_client */;
/*!40101 SET character_set_client = utf8 */;
CREATE TABLE `groups` (
  `id` int(11) NOT NULL AUTO_INCREMENT,
  `name` varchar(255) COLLATE utf8_bin NOT NULL,
  `parent_id` int(11) NOT NULL,
  `root_id` int(11) NOT NULL,
  `lft` int(11) NOT NULL,
  `rght` int(11) NOT NULL,
  `level` int(11) NOT NULL,
  PRIMARY KEY (`id`)
) ENGINE=InnoDB AUTO_INCREMENT=52 DEFAULT CHARSET=utf8 COLLATE=utf8_bin;
/*!40101 SET character_set_client = @saved_cs_client */;

--
-- Dumping data for table `groups`
--

LOCK TABLES `groups` WRITE;
/*!40000 ALTER TABLE `groups` DISABLE KEYS */;
INSERT INTO `groups` VALUES (43,'Webdev',0,43,1,8,0),(44,'Programmers',43,43,2,5,1),(45,'Designers',43,43,6,7,1),(46,'Team Leaders',44,43,3,4,2),(47,'Sysadmin',0,47,1,2,0),(51,'test3',0,51,1,2,0);
/*!40000 ALTER TABLE `groups` ENABLE KEYS */;
UNLOCK TABLES;

--
-- Table structure for table `groups_users`
--

DROP TABLE IF EXISTS `groups_users`;
/*!40101 SET @saved_cs_client     = @@character_set_client */;
/*!40101 SET character_set_client = utf8 */;
CREATE TABLE `groups_users` (
  `group_id` int(11) NOT NULL,
  `user_id` int(11) NOT NULL,
  PRIMARY KEY (`group_id`,`user_id`)
) ENGINE=MyISAM DEFAULT CHARSET=utf8 COLLATE=utf8_bin;
/*!40101 SET character_set_client = @saved_cs_client */;

--
-- Dumping data for table `groups_users`
--

LOCK TABLES `groups_users` WRITE;
/*!40000 ALTER TABLE `groups_users` DISABLE KEYS */;
INSERT INTO `groups_users` VALUES (44,17),(44,41),(45,9),(45,17),(46,39),(47,17),(51,17);
/*!40000 ALTER TABLE `groups_users` ENABLE KEYS */;
UNLOCK TABLES;

--
-- Table structure for table `passwords`
--

DROP TABLE IF EXISTS `passwords`;
/*!40101 SET @saved_cs_client     = @@character_set_client */;
/*!40101 SET character_set_client = utf8 */;
CREATE TABLE `passwords` (
  `id` int(11) NOT NULL AUTO_INCREMENT,
  `category_id` int(11) NOT NULL,
  `title` varchar(255) COLLATE utf8_bin NOT NULL,
  `username` varchar(50) COLLATE utf8_bin NOT NULL,
  `password` varchar(255) COLLATE utf8_bin NOT NULL,
  `url` varchar(255) COLLATE utf8_bin NOT NULL,
  `comment` text COLLATE utf8_bin,
  `live` tinyint(1) NOT NULL DEFAULT '1' COMMENT 'is the password deleted ?',
  PRIMARY KEY (`id`)
) ENGINE=MyISAM AUTO_INCREMENT=138 DEFAULT CHARSET=utf8 COLLATE=utf8_bin;
/*!40101 SET character_set_client = @saved_cs_client */;

--
-- Dumping data for table `passwords`
--

LOCK TABLES `passwords` WRITE;
/*!40000 ALTER TABLE `passwords` DISABLE KEYS */;
INSERT INTO `passwords` VALUES (1,0,'administrator','kevin','KNOWLEDGE','','comment test',1),(2,0,'test','test','test','test','dasdsa',1),(3,0,'','','','','',1),(4,0,'this is a test','kevos','','92.121.93.82','test2',1),(5,0,'test','test','test','91.121.93.82','test',1),(6,0,'test1','dsadsa','dsadsa','dsadsa','dsadsa',1),(7,0,'test','test','test','test','dsadsdadsa',1),(8,0,'test','test','test','91.121.93.82','dasdasdas',1),(101,61,'shilpa','shilpa','sQPVDxgItU1xPXkwWd/TdkHUEIidlZE4jmca5EXaMyU=','','',1),(98,39,'quentin','quentin','RwDBnuv6r02UCiaKcYOALlOE/Gu8PK141ojjN14r7wI=','','',1),(99,38,'shilpa','shilpa','VQDZMyn7r00x2eidGR2xmQ2zhtxFZzh+3/62ZrVUsk0=','','',1),(117,3,'fgfvjyh','hki','NgKezb9WtU3zSdKcsn/UlrrABrXAzHS9i+z5BY2beZc=','','',1),(118,1,'sdfd','sdfsd','IQHpn5VbtU3xmcHgd1iTQlUda+kd7oUPvYeeO5DnR54=','','',0),(123,0,'prod','prod','4gGNZ97xwE0R+m0ku/TaRs12SRuaBc83o3PgNg==','','',1),(124,63,'dev','dev','uwHSOBQqwU2SASP7KK+/rOQazuSkldEfoV+TVDPYt7c=','','',1),(125,76,'prod','prod','8AC+w48rwU2KYODVQl2AocqyjJOoTfEDy2Z+dLknDUY=','','',1),(96,11,'admin','ADMIN','FgO1I6Trr0232+FiOc0esx0YJ3o+VGgfy2DaqljH7p8=','','',1),(31,0,'','','','',NULL,1),(23,5,'testprod','mynameisgnu','knowledge','91.121.93.82','this is a test',1),(24,8,'vidhat','vidhat','dadass','dasdsa','dasdsasa',1),(25,0,'dev server ssh','mynameisgnu','53psh9q1b6','91.121.93.82','this password is the password of the dev server',1),(26,0,'dev server ssh','kevos','knowledge','91.121.93.82','this is a test',1),(95,53,'alka','alka','JgCoOuPXr01aKZRAIzt97xZDQx5qql8llXpYxaJ1GNM=','','',1),(94,53,'shilpa','shilpa','wgNOZdfXr0356edKB5Zg38yJmMFnjBZXpBRqDtBbo1c=','','',1),(29,5,'ced admin','ced','w8nrjpbyd4','91.121.93.82','dasdas',1),(30,0,'root','kevos1','dmk3tzyx47','91.121.93.82','test comment',1),(32,0,'','','','',NULL,1),(33,0,'','','','',NULL,1),(34,14,'root1','root123','test','91.121.83.25','',1),(35,14,'root2','root2','papamaman','123.45.67.82','',1),(36,14,'root3','root3','vw6nxychb1','123.65.74.34','',1),(37,0,'','','','',NULL,0),(38,0,'','','','',NULL,1),(80,15,'password','root','`qE)','91.121.93.82','test1',1),(41,46,'administrator','kevin','KNOWLEDGE','','comment test',1),(42,46,'test','test','test','test','dasdsa',1),(126,78,'dev','dev','ZgMH5YhGwU1uf2jfD2iFW0LUqoHT5kH8CnnGWbvEIK0=','','',1),(44,46,'this is a test','kevos','','92.121.93.82','test2',1),(46,46,'test1','dsadsa','dsadsa','dsadsa','dsadsa',1),(47,46,'test','test','test','test','dsadsdadsa',1),(48,46,'test','test','test','91.121.93.82','dasdasdas',1),(49,46,'passwordcat2','test','test','91.121.93.82','testcomment',1),(50,46,'passwordtest1','kevin','knowledge','91.121.93.82','dsadsadsa',1),(51,46,'my foot','kev','password','91.121.93.82','this is a test',1),(52,46,'test1','kmuller','knowledge','91.121.93.82','this is a test',1),(53,46,'kevos','knowledge','knowledge','91.121.93.82','test',1),(54,46,'test1','test2','test4','test5','dadasdas',1),(55,46,'kevos','knowledge','dadasd','dsadasd','ddasdadas',1),(56,46,'test3','kevos','knowledge','91.121.93.82','dasdsadsa',1),(57,46,'test4','knowledge','knowledge','91.121.93.82','dadsdsa',1),(58,46,'test1','test2','test4','91.121.93.82','dasda',1),(59,46,'root','password','91.121.93.82','dasdas','dasdsa',0),(60,46,'test1','test','dasdsa','dsada','dadsa',1),(61,46,'dsad','dasdas','daads','dasda','dasda',1),(63,46,'testprod','mynameisgnu','knowledge','91.121.93.82','this is a test',1),(64,46,'vidhat','vidhat','dadass','dasdsa','dasdsasa',1),(65,46,'dev server ssh','mynameisgnu','53psh9q1b6','91.121.93.82','this password is the password of the dev server',1),(66,46,'dev server ssh','kevos','knowledge','91.121.93.82','this is a test',1),(67,46,'dev server ssh','kevos','knowledge','91.121.93.82','this is a test',1),(68,46,'dev server ftp','mynameisgnu','knowledge','http://www.enova-tech.net','this is a test',1),(69,46,'ced admin','ced','w8nrjpbyd4','91.121.93.82','dasdas',1),(70,46,'root','kevos1','dmk3tzyx47','91.121.93.82','test comment',1),(71,46,'','','','',NULL,1),(72,46,'','','','',NULL,1),(73,46,'root1','root123','test','91.121.83.25','',1),(74,46,'root2','root2','papamaman','123.45.67.82','',1),(75,46,'root3','root3','vw6nxychb1','123.65.74.34','',1),(76,46,'','','','',NULL,0),(77,46,'','','','',NULL,1),(78,46,'root','kevos','knowledge','91.121.93.82','test',1),(79,46,'kevin','kevin','test1','132.83','',1),(81,5,'new password','root','Q?Mn9','91.121.93.82','this is a test',1),(82,47,'root','root','2g1mj9fb7q','91.121.93.82','test',1),(85,15,'test2','test','L &(]AkZo%T','91.121.93.82','',1),(84,5,'kev','kev','_i&_\Zw.jW_\\','91,121.93.72','test',1),(86,5,'testkey','testkey','lS5E{Hk1&?w','91.121.93.82','test',0),(87,2,'test','kevos','lS5E{Hk1&?w','91.121.93.82','',1),(88,1,'test','test','$-D','91.121.93.82','',1),(89,1,'test1','test2','yP4QUy2Ri02QJvamrpQAyEzp','91.121.93.82','test',1),(90,2,'admin user','admin','AwDsScewrk3AgTcKAhyWwuK9T6MRNR1JWSjHMhz9H7I=','clickonfrench.com','some comments',1),(133,111,'Server 1','root','UwCON8Vh+E5e7ad58TLQs+Pbr89wkpD9HZjVRKYj/wA=','1.1.1.1','serveur AD',1),(92,5,'huma','huma','fwCk70HUr02rc5IzvqR10sbntQJeLlYv+BPLJKe3Qes=','','',1),(93,5,'abc','hummy','pACd1nrUr02u5FvGiYH0HTjxc2+qSXOqqJO+Kxn9m3M=','','',1),(127,80,'dev','dev','/QJdN4ZMwU0F9avowhyLrjQ3TV3+Xmg/FKiuaPTRt68=','','',1),(113,12,'dev','dev','KAEiNzQ7tU0DYILmQ5aT1svRnbGQaFBQ37/KFB8UMic=','','',1),(114,57,'preprod','preprod','vgPXHTlAtU1XXFIGhnZrrgEhJI0FrZv1EMTJ/63XkEs=','','',1),(122,58,'prod','prod','wQHwSJjewE3oJGCsQ5fUKAgDFwieQmDjLmkQY9JRWDs=','','',1),(116,48,'sdfd','fdgf','+wBAsX1OtU3FWKohpaJRsX3X9On/jzjI5Z8SlqFiKIA=','','',1),(128,81,'prod','prod','MgJrhKhMwU2smfaW1wZ4tfCiP4W0g3nMMLjT39YN8fc=','','',1),(129,82,'preprod','preprod','iACRrMdMwU0Pc1n8iuZDLzRLlIohbn/Ox8BiniLVBC0=','','',1),(132,88,'hsbc','kevos','hgBMcUwIzE2qe16MT00wwQ6mMb102Km4uxp0L2/+fsc=','http://www.enova-tech.net','this is a test',1),(134,113,'Server 1','root','wwJQIo2V/E72jV4UL2ZX0ulvbU9xdBmZj5FPrHAWwOKJdFOhw2tqSg==','1.1.1.1','',1),(135,113,'server 2','admin','EwImI+GV/E4J1XE0aUCkEKGjyoVX7uo9XBVJwHQOR3Y=','1.1.1.2','',1),(136,113,'server 3','root','dgPwbiSW/E5/A4slpczGNjBZOfIsq0ZgeuA5G5dcdPI=','1.1.1.3','',1),(137,113,'<script>alert(\"hello\");</script>','root','kwBK9eqa/E58JptMKwr7FSee/GnhE31/fwX/TZ90rwc=','<script>alert(\"hello\");</script>','',1);
/*!40000 ALTER TABLE `passwords` ENABLE KEYS */;
UNLOCK TABLES;

--
-- Table structure for table `passwords_history`
--

DROP TABLE IF EXISTS `passwords_history`;
/*!40101 SET @saved_cs_client     = @@character_set_client */;
/*!40101 SET character_set_client = utf8 */;
CREATE TABLE `passwords_history` (
  `id` int(11) NOT NULL AUTO_INCREMENT,
  `value` varchar(255) NOT NULL,
  `created` timestamp NOT NULL DEFAULT CURRENT_TIMESTAMP ON UPDATE CURRENT_TIMESTAMP,
  `user_id` int(11) NOT NULL,
  `password_id` int(11) NOT NULL,
  PRIMARY KEY (`id`)
) ENGINE=MyISAM AUTO_INCREMENT=13 DEFAULT CHARSET=latin1;
/*!40101 SET character_set_client = @saved_cs_client */;

--
-- Dumping data for table `passwords_history`
--

LOCK TABLES `passwords_history` WRITE;
/*!40000 ALTER TABLE `passwords_history` DISABLE KEYS */;
INSERT INTO `passwords_history` VALUES (1,'UwCON8Vh+E5e7ad58TLQs+Pbr89wkpD9HZjVRKYj/wA=','2011-12-26 16:30:05',55,133),(2,'UwCON8Vh+E5e7ad58TLQs+Pbr89wkpD9HZjVRKYj/wA=','2011-12-26 16:34:00',55,133),(3,'lwLEmkeV/E6afGBAFLguos2mM6OpSl7UgVDGY1Mseg56Cz7GFHrLoQ==','2011-12-29 20:58:55',55,134),(4,'wwJQIo2V/E72jV4UL2ZX0ulvbU9xdBmZj5FPrHAWwOKJdFOhw2tqSg==','2011-12-29 21:00:05',55,134),(5,'EwImI+GV/E4J1XE0aUCkEKGjyoVX7uo9XBVJwHQOR3Y=','2011-12-29 21:01:29',55,135),(6,'dgPwbiSW/E5/A4slpczGNjBZOfIsq0ZgeuA5G5dcdPI=','2011-12-29 21:02:36',55,136),(7,'wwJQIo2V/E72jV4UL2ZX0ulvbU9xdBmZj5FPrHAWwOKJdFOhw2tqSg==','2011-12-29 21:03:33',55,134),(8,'wwJQIo2V/E72jV4UL2ZX0ulvbU9xdBmZj5FPrHAWwOKJdFOhw2tqSg==','2011-12-29 21:03:38',55,134),(9,'wwJQIo2V/E72jV4UL2ZX0ulvbU9xdBmZj5FPrHAWwOKJdFOhw2tqSg==','2011-12-29 21:05:36',55,134),(10,'wwJQIo2V/E72jV4UL2ZX0ulvbU9xdBmZj5FPrHAWwOKJdFOhw2tqSg==','2011-12-29 21:06:16',55,134),(11,'wwJQIo2V/E72jV4UL2ZX0ulvbU9xdBmZj5FPrHAWwOKJdFOhw2tqSg==','2011-12-29 21:06:22',55,134),(12,'kwBK9eqa/E58JptMKwr7FSee/GnhE31/fwX/TZ90rwc=','2011-12-29 21:22:58',55,137);
/*!40000 ALTER TABLE `passwords_history` ENABLE KEYS */;
UNLOCK TABLES;

--
-- Table structure for table `permissions`
--

DROP TABLE IF EXISTS `permissions`;
/*!40101 SET @saved_cs_client     = @@character_set_client */;
/*!40101 SET character_set_client = utf8 */;
CREATE TABLE `permissions` (
  `id` int(10) unsigned NOT NULL AUTO_INCREMENT,
  `aco_id` tinyint(4) NOT NULL,
  `aco_ref_id` int(10) unsigned NOT NULL,
  `aro_id` tinyint(4) NOT NULL,
  `aro_ref_id` int(10) unsigned NOT NULL,
  `_read` tinyint(1) NOT NULL,
  `_write` tinyint(1) NOT NULL,
  `_manage` tinyint(1) NOT NULL DEFAULT '0',
  PRIMARY KEY (`id`)
) ENGINE=MyISAM AUTO_INCREMENT=139 DEFAULT CHARSET=utf8 COLLATE=utf8_bin;
/*!40101 SET character_set_client = @saved_cs_client */;

--
-- Dumping data for table `permissions`
--

LOCK TABLES `permissions` WRITE;
/*!40000 ALTER TABLE `permissions` DISABLE KEYS */;
INSERT INTO `permissions` VALUES (103,1,53,2,9,1,1,1),(107,1,12,2,17,1,0,0),(109,1,80,2,51,1,1,1),(46,1,0,2,9,1,0,0),(45,1,0,2,9,1,0,0),(111,1,82,2,38,1,1,0),(34,1,7,1,43,1,0,0),(33,1,8,1,43,1,1,1),(32,1,3,1,43,1,1,0),(110,1,81,2,39,1,1,1),(39,1,32,1,43,1,0,0),(29,1,14,1,43,1,1,1),(71,1,4,1,45,1,1,0),(96,1,58,2,38,1,1,0),(95,1,12,2,38,1,1,1),(94,1,12,2,9,1,0,0),(69,1,47,1,45,1,1,0),(68,1,46,2,9,1,0,0),(67,1,46,2,11,1,1,1),(66,1,46,2,17,1,1,1),(65,1,46,1,43,1,0,0),(70,1,3,1,45,1,0,0),(138,1,110,2,55,1,1,0),(74,1,1,1,46,0,0,0),(75,1,53,1,44,1,1,0),(102,1,53,2,8,0,0,0),(101,1,53,1,45,1,1,0),(104,1,46,1,46,1,1,0),(83,1,5,1,46,1,1,0),(84,1,38,2,39,0,0,0),(85,1,39,2,38,0,0,0),(86,1,3,2,36,1,0,0),(87,1,4,1,46,1,1,0),(99,1,58,2,39,1,1,1),(98,1,57,2,39,1,1,1),(100,1,53,1,46,1,1,0),(91,1,1,2,8,0,0,0),(93,1,2,2,9,1,1,1),(105,1,46,1,45,1,1,0),(106,1,46,2,8,0,0,0),(112,1,83,2,53,1,1,0),(113,1,84,2,9,1,1,0),(114,1,85,2,8,1,1,0),(115,1,86,2,10,1,1,0),(116,1,87,2,11,1,1,0),(117,1,88,2,17,1,1,0),(118,1,89,2,18,1,1,0),(119,1,90,2,36,1,1,0),(120,1,91,2,37,1,1,0),(121,1,92,2,38,1,1,0),(122,1,93,2,39,1,1,0),(123,1,94,2,40,1,1,0),(124,1,95,2,41,1,1,0),(125,1,96,2,42,1,1,0),(126,1,97,2,43,1,1,0),(127,1,98,2,44,1,1,0),(128,1,99,2,45,1,1,0),(129,1,100,2,46,1,1,0),(130,1,101,2,47,1,1,0),(131,1,102,2,48,1,1,0),(132,1,103,2,49,1,1,0),(133,1,104,2,50,1,1,0),(134,1,105,2,51,1,1,0),(135,1,106,2,52,1,1,0),(136,1,107,2,53,1,1,0),(137,1,108,2,54,1,1,0);
/*!40000 ALTER TABLE `permissions` ENABLE KEYS */;
UNLOCK TABLES;

--
-- Table structure for table `settings`
--

DROP TABLE IF EXISTS `settings`;
/*!40101 SET @saved_cs_client     = @@character_set_client */;
/*!40101 SET character_set_client = utf8 */;
CREATE TABLE `settings` (
  `id` int(11) NOT NULL AUTO_INCREMENT,
  `attribute` varchar(255) COLLATE utf8_bin NOT NULL,
  `value` varchar(255) COLLATE utf8_bin NOT NULL,
  PRIMARY KEY (`id`)
) ENGINE=MyISAM AUTO_INCREMENT=7 DEFAULT CHARSET=utf8 COLLATE=utf8_bin;
/*!40101 SET character_set_client = @saved_cs_client */;

--
-- Dumping data for table `settings`
--

LOCK TABLES `settings` WRITE;
/*!40000 ALTER TABLE `settings` DISABLE KEYS */;
INSERT INTO `settings` VALUES (2,'master_key','1680961bd9bbf1ae0e3960c57846f4901ff96e32'),(4,'master_key_lifetime','900'),(5,'master_key_limit','3'),(6,'master_key_pause_time','');
/*!40000 ALTER TABLE `settings` ENABLE KEYS */;
UNLOCK TABLES;

--
-- Table structure for table `users`
--

DROP TABLE IF EXISTS `users`;
/*!40101 SET @saved_cs_client     = @@character_set_client */;
/*!40101 SET character_set_client = utf8 */;
CREATE TABLE `users` (
  `id` int(11) NOT NULL AUTO_INCREMENT,
  `username` char(50) COLLATE utf8_bin DEFAULT NULL,
  `password` char(40) COLLATE utf8_bin DEFAULT NULL,
  `name` varchar(100) COLLATE utf8_bin NOT NULL,
  `email` varchar(255) COLLATE utf8_bin NOT NULL,
  `address` text COLLATE utf8_bin,
  `avatar` varchar(255) COLLATE utf8_bin NOT NULL,
  `admin` tinyint(1) NOT NULL DEFAULT '0' COMMENT 'is the user a super admin ?',
  `active` tinyint(1) NOT NULL DEFAULT '1',
  `created` timestamp NOT NULL DEFAULT CURRENT_TIMESTAMP,
  `created_by` int(11) NOT NULL,
  `modified` timestamp NOT NULL DEFAULT '0000-00-00 00:00:00',
  `live` tinyint(1) DEFAULT '1',
  PRIMARY KEY (`id`)
) ENGINE=MyISAM AUTO_INCREMENT=56 DEFAULT CHARSET=utf8 COLLATE=utf8_bin;
/*!40101 SET character_set_client = @saved_cs_client */;

--
-- Dumping data for table `users`
--

LOCK TABLES `users` WRITE;
/*!40000 ALTER TABLE `users` DISABLE KEYS */;
INSERT INTO `users` VALUES (9,'alkac','6add16d699f9a68f11682b661bdd113cb3dde552','Alka Choudhary','alka@gmail.com','30 rajamannar street','',0,1,'2010-11-13 23:00:00',0,'2011-05-16 10:55:43',1),(8,'vidhat2','test','vidhatanand great','vidhatanand@gmail.com','d88/2 okhla phase I','',0,1,'0000-00-00 00:00:00',0,'0000-00-00 00:00:00',0),(10,'jeanclaude','password','Jean Claude Vandamme','jcvandamme@gmail.com','adresse de jean claude','',0,1,'2010-11-20 18:25:16',0,'2011-04-27 13:00:32',1),(11,'marieantoinette','pasword','Marie Antoinette','marie@gmail.com','test','',0,1,'2010-11-20 18:28:43',0,'2010-11-20 18:28:43',0),(17,'kevos','84d4499edb3acb12838afb28c996db067cd3b64a','Kevin Muller2','mynameisgnu@gmail.com','30 rajamannar street','',1,1,'2010-12-19 16:47:18',0,'2011-11-02 21:33:32',1),(18,'achoudhary','d1eac109fd31167f7f3effb5372c9786565ec621','Alka1 Choudhary1','achoudhary@enova-tech.net','','',0,1,'2010-12-27 18:47:10',0,'2010-12-27 18:47:10',0),(36,'test5','3483593dc93bf1a1c40aa712494383fa758fb16c','test5','test5','','',0,1,'2011-02-06 11:11:46',17,'2011-02-06 11:11:46',0),(37,'hkhan','711a2984ae7fc4ea550471f7e553f35d9c900513','Huma Khan','huma.khan@enova-tech.net',NULL,'1313042800.jpg',1,1,'2011-04-20 23:14:51',17,'2011-10-03 13:20:31',1),(38,'shilpa','abd67151dc39842ee47928e1fde7f68f94bd17b3','shilpa','shilpa.singh@enova-tech.net',NULL,'',0,1,'2011-04-21 09:16:07',37,'2011-05-12 09:39:21',0),(39,'quentin','54ba57e0f1fbd516ee67b4478ba403f57b527605','QUENTIN','quentin.renard@enova-tech.net',NULL,'',0,1,'2011-04-21 12:11:58',37,'2011-04-27 13:05:01',1),(40,'jaune','8f81c1ea6c1c61a4244d8b8c94d25b77a281dae9','jaune','jaune@gmail.com',NULL,'',0,1,'2011-04-25 15:00:57',0,'2011-05-02 15:14:50',1),(41,'shilpa','abd67151dc39842ee47928e1fde7f68f94bd17b3','shilpa','shilpa@gmail.com',NULL,'',0,1,'2011-04-28 13:35:33',37,'2011-04-28 13:35:33',1),(42,'humakhan','fb69426339761a43b1a3c5a70452077a3455963b','humakhan','h@gmail.com',NULL,'',0,0,'2011-05-02 15:41:34',37,'2011-05-02 15:41:34',0),(43,'humakhan','eddcfd2e0fd01a62f7c282d90aae66fe6a1d55aa','humakhan','h@gmail.com',NULL,'',0,0,'2011-05-02 15:43:49',37,'2011-05-02 15:43:49',0),(44,'humakh','85ed3f4a3a5c28b42a0d22120f997b25fa5c2b11','cfgfgh','hk@gmail.com',NULL,'',0,0,'2011-05-02 15:56:39',37,'2011-05-02 15:56:39',0),(45,'hummy','fb69426339761a43b1a3c5a70452077a3455963b','abcd','huma.miet@gmail.com',NULL,'',0,0,'2011-05-03 08:49:43',37,'2011-05-03 08:49:43',0),(46,'hummy','fb69426339761a43b1a3c5a70452077a3455963b','dfgfdh','h.k@gmail.com',NULL,'',0,0,'2011-05-03 10:34:54',37,'2011-05-03 10:34:54',0),(47,'hummy','fb69426339761a43b1a3c5a70452077a3455963b','abcd','h.k@gmail.com',NULL,'',0,1,'2011-05-03 11:02:30',37,'2011-05-03 11:02:30',0),(48,'dgfdg','fb69426339761a43b1a3c5a70452077a3455963b','asfds','h.k@gmail.com',NULL,'',0,1,'2011-05-03 12:25:48',37,'2011-05-03 12:25:48',0),(49,'humas','fdc74a9da7309caf0de1f0a4c2180b9d783bc29c','dfgfh','h@gmail.com',NULL,'',0,0,'2011-05-04 09:18:11',37,'2011-05-04 09:18:11',0),(50,'hummy','fb69426339761a43b1a3c5a70452077a3455963b','hummy','h@gmail.com',NULL,'',0,1,'2011-05-04 09:20:02',37,'2011-05-04 09:20:02',0),(51,'humaa','afd939be2655c73d5a87d157b505a9d4b3fbdd0c','hummy','h.k@gmail.com',NULL,'',0,1,'2011-05-04 09:47:36',37,'2011-05-04 09:47:36',0),(52,'humak','fb69426339761a43b1a3c5a70452077a3455963b','humak','h.k@gmail.com',NULL,'',0,1,'2011-05-04 15:24:19',37,'2011-05-05 10:38:43',0),(53,'nidak','8f643f648fd8695316d3ecb4900b317ee3f5f4d4','nida','n@gmail.com',NULL,'',0,1,'2011-05-05 09:43:20',37,'2011-05-05 09:43:20',0),(54,'abcde','eddcfd2e0fd01a62f7c282d90aae66fe6a1d55aa','abcd','abcd@gmail.com',NULL,'',0,1,'2011-05-13 16:18:40',37,'2011-05-13 16:18:58',0),(55,'iguennouni','4f306d01a61390a100338d7752346be6b2fa2532','Ismail Guennouni','ismaguen@gmail.com',NULL,'',1,0,'2011-11-02 21:38:06',17,'2012-01-06 23:55:09',1);
/*!40000 ALTER TABLE `users` ENABLE KEYS */;
UNLOCK TABLES;
/*!40103 SET TIME_ZONE=@OLD_TIME_ZONE */;

/*!40101 SET SQL_MODE=@OLD_SQL_MODE */;
/*!40014 SET FOREIGN_KEY_CHECKS=@OLD_FOREIGN_KEY_CHECKS */;
/*!40014 SET UNIQUE_CHECKS=@OLD_UNIQUE_CHECKS */;
/*!40101 SET CHARACTER_SET_CLIENT=@OLD_CHARACTER_SET_CLIENT */;
/*!40101 SET CHARACTER_SET_RESULTS=@OLD_CHARACTER_SET_RESULTS */;
/*!40101 SET COLLATION_CONNECTION=@OLD_COLLATION_CONNECTION */;
/*!40111 SET SQL_NOTES=@OLD_SQL_NOTES */;

-- Dump completed on 2012-03-09 20:23:23
